{
  "@title": "Удаление брони помещения",
  "@preload": {
    "$from-context": {
      "path": "$response.body.data.object.0",
      "data": {
        "$api-data": {
          "workflow": "event",
          "action": {
            "$route-params": {
              "name": "action"
            }
          },
          "query": "booking/get_name",
          "id": {
            "$query-params": {
              "name": "id"
            }
          },
          "options": {
            "observe": "response"
          },
          "variables": {
            "id": {
              "$query-params": {
                "name": "id"
              }
            }
          }
        }
      }
    }
  },
  "type": "object",
  "model": "#data",
  "widget": {
    "name": "form",
    "options": {
      "label": "Подтверждение удаления"
    },
    "kind": "form-popup-with-h1-no-form-collapsed-style"
  },
  "properties": {
    "message": {
      "type": "string",
      "widget": {
        "name": "html",
        "options": {
          "viewedValue": {
            "$replace": {
              "template": "Вы действительно хотите удалить бронь помещения \"{{0}}\"?",
              "data": [
                {
                  "$from-context": {
                    "path": "@preload.name"
                  }
                }
              ]
            }
          }
        }
      }
    },
    "actions": {
      "type": "object",
      "widget": {
        "name": "container",
        "class": {
          "group": "form-actions p-field p-grid mrg-t-lg",
          "value": "p-jc-xs-end p-autolayout"
        }
      },
      "properties": {
        "confirm": {
          "type": "string",
          "model": false,
          "widget": {
            "name": "button",
            "options": {
              "label": "Удалить"
            },
            "events": {
              "click": {
                "$waterfall": {
                  "arrayFunctions": [
                    "$ref:operation-frontend:snippets/element/_loading/onclick-loading-enable",
                    {
                      "$http-code": {
                        "200": [
                          {
                            "$waterfall": {
                              "arrayFunctions": [
                                {
                                  "$message": {
                                    "severity": "success",
                                    "summary": "Удаление брони помещения",
                                    "detail": "Бронь помещения успешно удалена"
                                  }
                                },
                                {
                                  "$close-popup": null
                                },
                                {
                                  "$event-bus-publish": {
                                    "type": "reload-table"
                                  }
                                },
                                {
                                  "$event-bus-publish": {
                                    "type": "reload-totalEventCost"
                                  }
                                }
                              ]
                            }
                          }
                        ],
                        "422": [
                          "$ref:operation-frontend:snippets/element/_http_message/http-errors-from-response"
                        ],
                        "client": {
                          "$api-workflow": {
                            "options": {
                              "observe": "response"
                            },
                            "workflow": "booking",
                            "action": "delete",
                            "id": {
                              "$query-params": {
                                "name": "id"
                              }
                            }
                          }
                        },
                        "finalize": "$ref:operation-frontend:snippets/element/_loading/onclick-loading-disable",
                        "default": [
                          {
                            "$message": {
                              "severity": "error",
                              "summary": "Удаление брони помещения",
                              "detail": "Непредвиденная ошибка"
                            }
                          }
                        ]
                      }
                    }
                  ]
                }
              }
            },
            "class": {
              "value": "mrg-r-sm"
            }
          }
        },
        "cancel": {
          "widget": {
            "name": "button",
            "options": {
              "label": "Отмена"
            },
            "events": {
              "click": {
                "$close-popup": null
              }
            },
            "class": {
              "value": "button_outline mrg-r-0 mrg-b-0"
            }
          }
        }
      }
    }
  }
}
