{
  "@title": "Реестр системных настроек",
  "type": "object",
  "widget": {
    "name": "container"
  },
  "properties": {
    "breadcrumbs": {
      "type": "object",
      "widget": {
        "name": "breadcrumb",
        "mobileItems": [
          {
            "label": "Главная",
            "routerLink": "/cabinet/event/list"
          }
        ],
        "items": [
          {
            "label": "Главная",
            "routerLink": "/cabinet/event/list"
          },
          {
            "label": "Системные настройки"
          }
        ],
        "class": {
          "group": "p-xs-auto mrg-lg-b-xl mrg-b-md"
        }
      }
    },
    "header": {
      "type": "string",
      "widget": {
        "name": "container",
        "options": {
          "label": "Системные настройки"
        },
        "kind": "container-h1-style"
      }
    },
    "search": {
      "model": "#search",
      "type": "object",
      "widget": {
        "name": "container",
        "class": {
          "group": "mrg-b-md search-with-filters",
          "value": "p-autolayout"
        }
      },
      "properties": {
        "search": {
          "type": "string",
          "widget": {
            "name": "input-group-button",
            "options": {
              "placeholder": "Наименование, описание",
              "actionButtonIconMobile": "icon-search",
              "actionButtonLabel": "Найти",
              "enableClearButton": true
            },
            "events": {
              "actionButtonClick": {
                "$if": {
                  "condition": {
                    "$validate": {
                      "path": "/"
                    }
                  },
                  "then": {
                    "$grid": {
                      "action": "lazyLoad",
                      "path": "#data",
                      "filters": {
                        "$var": {
                          "path": "#search"
                        }
                      }
                    }
                  },
                  "else": {}
                }
              },
              "keypress-13": {
                "$if": {
                  "condition": {
                    "$validate": {
                      "path": "/"
                    }
                  },
                  "then": {
                    "$grid": {
                      "action": "lazyLoad",
                      "path": "#data",
                      "filters": {
                        "$var": {
                          "path": "#search"
                        }
                      }
                    }
                  },
                  "else": {}
                }
              }
            },
            "class": {
              "group": "form-item form-item_last height-fit-content flex-1 d-xs-none d-xl-flex",
              "value": "form-item-element"
            }
          }
        }
      }
    },
    "table": {
      "value": {
        "$api-table-workflow-data": {
          "model": "#data",
          "query": "settings/list",
          "variables": {
            "$graphql-event-variables": {
              "data": {
                "$element-event": {
                  "event": "lazyLoad"
                }
              }
            }
          },
          "errors": {
            "default": {
              "$message": {
                "severity": "error",
                "summary": "Ошибка",
                "detail": "При загрузке данных произошла ошибка, повторите попытку позднее"
              }
            }
          }
        }
      },
      "type": "array",
      "model": "#data",
      "widget": {
        "name": "table-lazy",
        "paginatorLeft": {
          "type": "string",
          "widget": "info",
          "value": {
            "$grid": {
              "action": "rows-per-page",
              "path": "#data"
            }
          }
        },
        "options": {
          "emptyMessage": "Данные не найдены",
          "initialFilters": {
            "$var": {
              "path": "#search"
            }
          },
          "first": 0,
          "lazy": true,
          "paginator": true,
          "rows": 10,
          "rowsPerPageOptions": [
            10,
            20,
            50
          ],
          "routerOptions": [
            "first",
            "rows"
          ]
        },
        "class": {
          "value": "data-table d-block mrg-b-lg"
        },
        "events": {
          "lazyLoad": {
            "$element-option": {
              "path": "#data",
              "option": "loading",
              "value": true
            }
          }
        },
        "subscriptions": {
          "reload-table": {
            "$element-event": {
              "event": "reload",
              "value": true
            }
          }
        }
      },
      "items": {
        "type": "object",
        "properties": {
          "id": {
            "type": "string",
            "widget": {
              "name": "table-column",
              "options": {
                "visible": false
              }
            }
          },
          "name": {
            "type": "string",
            "widget": {
              "name": "table-column",
              "options": {
                "label": "Наименование"
              }
            }
          },
          "type": {
            "type": "string",
            "widget": {
              "name": "table-column",
              "options": {
                "visible": false
              }
            }
          },
          "value": {
            "type": "object",
            "widget": {
              "name": "table-column",
              "options": {
                "visible": false
              }
            },
            "properties": {
              "file": {
                "type": "object",
                "properties": {
                  "_id": {
                    "type": "string",
                    "widget": "hidden"
                  },
                  "name": {
                    "type": "string",
                    "widget": "hidden"
                  }
                },
                "widget": {
                  "name": "fieldset"
                }
              }
            }
          },
          "preview": {
            "type": "object",
            "widget": {
              "name": "table-column",
              "options": {
                "visible": false
              }
            },
            "properties": {
              "value": {
                "type": "string",
                "widget": {
                  "name": "hidden"
                }
              }
            }
          },
          "viewedValue": {
            "type": "object",
            "widget": {
              "name": "table-column",
              "options": {
                "label": "Значение"
              }
            },
            "properties": {
              "otherType": {
                "type": "any",
                "widget": {
                  "name": "info",
                  "options": {
                    "visible": {
                      "$or": {
                        "operands": [
                          {
                            "!==": {
                              "operand1": {
                                "$subs": {
                                  "path": "#data[].type"
                                }
                              },
                              "operand2": "file"
                            }
                          }
                        ]
                      }
                    },
                    "viewedValue": {
                      "$subs": {
                        "path": "#data[].preview.value"
                      }
                    }
                  }
                }
              },
              "fileInfo": {
                "type": "object",
                "model": false,
                "properties": {
                  "link": {
                    "type": "string",
                    "model": false,
                    "value": {
                      "$if": {
                        "condition": {
                          "$not-empty": {
                            "data": {
                              "$subs": {
                                "path": "#data[].value.file._id"
                              }
                            }
                          }
                        },
                        "then": {
                          "$subs": {
                            "path": "#data[].value.file.name"
                          }
                        },
                        "else": {
                          "$subs": {
                            "path": "#data[].defaultValue.file.name"
                          }
                        }
                      }
                    },
                    "widget": {
                      "name": "download-file",
                      "methods": {
                        "getFileAsync": {
                          "$api-file": {
                            "type": "get",
                            "workflow": "settings",
                            "action": "download",
                            "fileId": {
                              "$if": {
                                "condition": {
                                  "$not-empty": {
                                    "data": {
                                      "$subs": {
                                        "path": "#data[].value.file._id"
                                      }
                                    }
                                  }
                                },
                                "then": {
                                  "$subs": {
                                    "path": "#data[].value.file._id"
                                  }
                                },
                                "else": {
                                  "$subs": {
                                    "path": "#data[].defaultValue.file._id"
                                  }
                                }
                              }
                            },
                            "options": {
                              "responseType": "blob"
                            }
                          }
                        }
                      },
                      "class": {
                        "link": "text-break"
                      }
                    }
                  }
                },
                "widget": {
                  "name": "fieldset"
                }
              }
            }
          },
          "defaultValue": {
            "type": "object",
            "widget": {
              "name": "table-column",
              "options": {
                "visible": false
              }
            },
            "properties": {
              "file": {
                "type": "object",
                "properties": {
                  "_id": {
                    "type": "string",
                    "widget": "hidden"
                  },
                  "name": {
                    "type": "string",
                    "widget": "hidden"
                  }
                },
                "widget": {
                  "name": "fieldset"
                }
              }
            }
          },
          "description": {
            "type": "string",
            "widget": {
              "name": "table-column",
              "options": {
                "label": "Описание"
              }
            }
          },
          "actions_column": {
            "type": "object",
            "widget": {
              "name": "table-column",
              "options": {
                "label": "Действия"
              },
              "class": {
                "header": "column_actions",
                "cell": "column_actions"
              }
            },
            "properties": {
              "actions": {
                "type": "array",
                "model": "actions",
                "widget": {
                  "name": "actions-button",
                  "items": {
                    "$subs": {
                      "path": "#data[].actions"
                    }
                  }
                },
                "items": {
                  "type": "action",
                  "properties": {
                    "id": {
                      "type": "string",
                      "widget": "hidden"
                    },
                    "title": {
                      "type": "string",
                      "widget": "hidden"
                    },
                    "icon": {
                      "type": "string",
                      "widget": "hidden"
                    },
                    "url": {
                      "type": "string",
                      "widget": "hidden"
                    },
                    "routerLink": {
                      "type": "string",
                      "widget": "hidden"
                    },
                    "popup": {
                      "type": "string",
                      "widget": "hidden"
                    },
                    "hidden": {
                      "type": "string",
                      "widget": "hidden"
                    }
                  }
                }
              }
            }
          }
        }
      }
    }
  }
}
