{
  "@title": "Реестр системных настроек (управление)",
  "type": "object",
  "widget": {
    "name": "container"
  },
  "properties": {
    "breadcrumbs": {
      "type": "object",
      "widget": {
        "name": "breadcrumb",
        "mobileItems": [
          {
            "label": "Главная",
            "routerLink": "/cabinet/event/list"
          }
        ],
        "items": [
          {
            "label": "Главная",
            "routerLink": "/cabinet/event/list"
          },
          {
            "label": "Управление системными настройками"
          }
        ],
        "kind": "breadcrumb-breadcrumbs-container-style"
      }
    },
    "header-with-button": {
      "type": "object",
      "widget": {
        "name": "container",
        "options": {
          "label": "Управление системными настройками (Конфигуратор)"
        },
        "class": {
          "group": "p-grid mrg-b-lg mrg-t-0",
          "label": "h1 p-xs-12 p-xl-9 pdd-tb-0",
          "value": "p-xs-12 p-xl-3 pdd-tb-0 p-jc-xl-end p-as-center p-autolayout"
        }
      },
      "properties": {
        "button": {
          "type": "string",
          "widget": {
            "name": "button",
            "options": {
              "icon": "icon-plus",
              "label": "Добавить настройку",
              "visible": {
                "$api-workflow-check-action": {
                  "workflow": "settings",
                  "action": "add"
                }
              }
            },
            "events": {
              "click": {
                "$go": {
                  "workflow": "settings",
                  "action": "add"
                }
              }
            },
            "class": {
              "value": "button_primary button_narrow button_h1"
            }
          }
        }
      }
    },
    "simple-search": "$ref:fieldset:settings/search/list_simple_search",
    "advanced-search": "$ref:fieldset:settings/search/list_advanced_search",
    "table": {
      "value": {
        "$api-table-workflow-data": {
          "model": "#data",
          "query": "settings/list-configurator",
          "variables": {
            "$graphql-event-variables": {
              "data": {
                "$element-event": {
                  "event": "lazyLoad"
                }
              }
            }
          },
          "errors": {
            "default": {
              "$message": {
                "severity": "error",
                "summary": "Ошибка",
                "detail": "При загрузке данных произошла ошибка, повторите попытку позднее"
              }
            }
          }
        }
      },
      "type": "array",
      "model": "#data",
      "widget": {
        "name": "table-old",
        "paginatorLeft": {
          "type": "string",
          "widget": "info",
          "value": {
            "$grid": {
              "action": "rows-per-page",
              "path": "#data"
            }
          }
        },
        "options": {
          "initialFilters": {
            "$if": {
              "condition": {
                "$element-option": {
                  "option": "displayNone$",
                  "path": "#advanced-search"
                }
              },
              "then": {
                "$var": {
                  "path": "#simple-search"
                }
              },
              "else": {
                "$var": {
                  "path": "#advanced-search"
                }
              }
            }
          },
          "first": 0,
          "lazy": true,
          "paginator": true,
          "rows": 10,
          "rowsPerPageOptions": [
            10,
            20,
            50
          ],
          "routerOptions": [
            "first",
            "rows"
          ]
        },
        "class": {
          "value": "data-table d-block mrg-b-lg"
        },
        "columns": {
          "name": {
            "label": "Наименование"
          },
          "code": {
            "label": "Код"
          },
          "typeTitle": {
            "label": "Тип"
          },
          "viewedValue": {
            "label": "Значение"
          },
          "description": {
            "label": "Описание"
          },
          "packageView": {
            "label": "Пакет"
          },
          "actions": {
            "label": "Действия",
            "class": {
              "label": "column_actions",
              "value": "column_actions"
            }
          }
        },
        "events": {
          "lazyLoad": {
            "$element-option": {
              "path": "#data",
              "option": "loading",
              "value": true
            }
          }
        },
        "subscriptions": {
          "reload-table": {
            "$element-event": {
              "event": "reload",
              "value": true
            }
          }
        }
      },
      "items": {
        "type": "object",
        "properties": {
          "id": {
            "type": "string",
            "widget": "hidden"
          },
          "code": {
            "type": "string",
            "widget": "info"
          },
          "name": {
            "type": "string",
            "widget": "info"
          },
          "type": {
            "type": "string",
            "widget": "hidden"
          },
          "typeTitle": {
            "type": "string",
            "widget": "info"
          },
          "objectType": {
            "type": "string",
            "widget": "hidden"
          },
          "value": {
            "type": "object",
            "widget": "hidden",
            "properties": {
              "file": {
                "type": "object",
                "widget": "hidden",
                "properties": {
                  "_id": {
                    "type": "string"
                  },
                  "name": {
                    "type": "string"
                  }
                }
              }
            }
          },
          "preview": {
            "type": "object",
            "widget": "hidden",
            "properties": {
              "value": {
                "type": "string",
                "widget": "hidden"
              }
            }
          },
          "viewedValue": {
            "type": "object",
            "widget": {
              "name": "container"
            },
            "properties": {
              "otherType": {
                "type": "any",
                "widget": {
                  "name": "info",
                  "options": {
                    "visible": {
                      "$or": {
                        "operands": [
                          {
                            "!==": {
                              "operand1": {
                                "$subs": {
                                  "path": "#data[].type"
                                }
                              },
                              "operand2": "file"
                            }
                          }
                        ]
                      }
                    },
                    "viewedValue": {
                      "$subs": {
                        "path": "#data[].preview.value"
                      }
                    }
                  }
                }
              },
              "fileInfo": {
                "type": "object",
                "model": false,
                "properties": {
                  "link": {
                    "type": "string",
                    "model": false,
                    "value": {
                      "$if": {
                        "condition": {
                          "$not-empty": {
                            "data": {
                              "$subs": {
                                "path": "#data[].value.file._id"
                              }
                            }
                          }
                        },
                        "then": {
                          "$subs": {
                            "path": "#data[].value.file.name"
                          }
                        },
                        "else": {
                          "$subs": {
                            "path": "#data[].defaultValue.file.name"
                          }
                        }
                      }
                    },
                    "widget": {
                      "name": "download-file",
                      "methods": {
                        "getFileAsync": {
                          "$api-file": {
                            "type": "get",
                            "workflow": "settings",
                            "action": "download",
                            "fileId": {
                              "$if": {
                                "condition": {
                                  "$not-empty": {
                                    "data": {
                                      "$subs": {
                                        "path": "#data[].value.file._id"
                                      }
                                    }
                                  }
                                },
                                "then": {
                                  "$subs": {
                                    "path": "#data[].value.file._id"
                                  }
                                },
                                "else": {
                                  "$subs": {
                                    "path": "#data[].defaultValue.file._id"
                                  }
                                }
                              }
                            },
                            "options": {
                              "responseType": "blob"
                            }
                          }
                        }
                      },
                      "class": {
                        "link": "text-break"
                      }
                    }
                  }
                },
                "widget": {
                  "name": "fieldset"
                }
              }
            }
          },
          "defaultValue": {
            "type": "object",
            "properties": {
              "file": {
                "type": "object",
                "widget": "hidden",
                "properties": {
                  "_id": {
                    "type": "string"
                  },
                  "name": {
                    "type": "string"
                  }
                }
              }
            },
            "widget": {
              "name": "fieldset"
            }
          },
          "description": {
            "type": "string",
            "widget": "info"
          },
          "package": {
            "type": "string",
            "widget": "hidden"
          },
          "packageView": {
            "type": "string",
            "widget": "info",
            "value": {
              "$switch": {
                "condition": {
                  "$subs": {
                    "path": "#data[].package"
                  }
                },
                "default": "",
                "cases": [
                  {
                    "value": "base",
                    "action": "Base"
                  },
                  {
                    "value": "proq",
                    "action": "ProQ"
                  },
                  {
                    "value": "custom",
                    "action": "Custom"
                  }
                ]
              }
            }
          },
          "actions": "$ref:fieldset:snippets/element/data-table/actions@@#data[]"
        }
      }
    }
  }
}
