{
  "type": "update",
  "object": "role",
  "data": [
    {
      "_id": {
        "$oid": "618e11c604d5220041f1cb28"
      },
      "name": "Администратор",
      "state": "active",
      "isDefault": true,
      "permissions": [
        "additional_facilities",
        "additional_facilities.edit_part",
        "additional_service",
        "additional_service.list",
        "additional_service.add",
        "additional_service.edit.active",
        "additional_service.delete.active",
        "booking",
        "booking.edit_part",
        "contact_person",
        "contact_person.add",
        "contact_person.edit.active",
        "contact_person.delete.active",
        "equipment",
        "equipment.list",
        "equipment.add",
        "equipment.edit.active",
        "equipment.archive.active",
        "equipment.delete",
        "equipment.delete.active",
        "equipment.delete.archived",
        "equipment.extract_from_archive.archived",
        "event",
        "event.list",
        "event.list-employment-schedule",
        "event.export-estimate",
        "event.calendar",
        "event.edit_part",
        "event.create",
        "event.view",
        "event.view.draft",
        "event.view.pre_booking",
        "event.view.requested",
        "event.view.task_received",
        "event.view.agreed",
        "event.view.check_in",
        "event.view.check_out",
        "event.view.canceled",
        "event.edit",
        "event.edit.draft",
        "event.edit.pre_booking",
        "event.edit.requested",
        "event.edit.task_received",
        "event.edit.agreed",
        "event.edit.check_in",
        "event.delete",
        "event.delete.draft",
        "event.delete.pre_booking",
        "event.to_requested.pre_booking",
        "event.copy_event",
        "event.copy_event.pre_booking",
        "event.copy_event.requested",
        "event.copy_event.task_received",
        "event.copy_event.agreed",
        "event.copy_event.check_in",
        "event.copy_event.check_out",
        "event.copy_event.canceled",
        "event.to_task_received.requested",
        "event.cancel",
        "event.cancel.requested",
        "event.cancel.task_received",
        "event.cancel.agreed",
        "event.cancel.check_in",
        "event.to_agreed.task_received",
        "event.to_check_in.agreed",
        "event.to_check_out.check_in",
        "event_group",
        "event_group.list",
        "event_group.add",
        "event_group.edit.active",
        "event_group.view.active",
        "event_group.delete.active",
        "event_type",
        "event_type.list",
        "event_type.add",
        "event_type.edit.active",
        "event_type.delete.active",
        "furniture",
        "furniture.list",
        "furniture.add",
        "furniture.edit.active",
        "furniture.archive.active",
        "furniture.delete",
        "furniture.delete.active",
        "furniture.delete.archived",
        "furniture.extract_from_archive.archived",
        "industry",
        "industry.list",
        "industry.add",
        "industry.edit.active",
        "industry.delete.active",
        "partner",
        "partner.list",
        "partner.add",
        "partner.view",
        "partner.view.active",
        "partner.view.blocked",
        "partner.block.active",
        "partner.edit",
        "partner.edit.active",
        "partner.edit.blocked",
        "partner.unblock.blocked",
        "partner.delete.blocked",
        "request",
        "request.list",
        "request.accept.new",
        "request.reject.new",
        "request.view",
        "request.view.accepted",
        "request.view.rejected",
        "room",
        "room.list",
        "room.add",
        "room.view",
        "room.view.active",
        "room.view.archived",
        "room.edit.active",
        "room.add_to_stop_list.active",
        "room.archive.active",
        "room.delete",
        "room.delete.active",
        "room.delete.archived",
        "room.extract_from_archive.archived",
        "room_type",
        "room_type.list",
        "room_type.add",
        "room_type.edit.active",
        "room_type.delete.active",
        "services_type",
        "services_type.list",
        "services_type.add",
        "services_type.edit.active",
        "services_type.delete.active",
        "stop_list_note",
        "stop_list_note.list",
        "stop_list_note.add",
        "stop_list_note.view.active",
        "stop_list_note.edit.active",
        "stop_list_note.delete.active",
        "settings",
        "settings.list",
        "settings.set-value.active",
        "system-journal",
        "system-journal.list",
        "user-role",
        "user-role.list",
        "user-role.add",
        "user-role.edit.active",
        "user-role.delete.active",
        "user",
        "user.list",
        "user.edit-my-profile",
        "user.add",
        "user.view",
        "user.view.await_email_confirmation",
        "user.view.active",
        "user.view.blocked",
        "user.resend-token.await_email_confirmation",
        "user.edit",
        "user.edit.await_email_confirmation",
        "user.edit.active",
        "user.edit.blocked",
        "user.delete",
        "user.delete.await_email_confirmation",
        "user.delete.blocked",
        "user.reset-password.active",
        "user.block.active",
        "user.unblock.blocked",
        "report.list",
        "report.add",
        "report",
        "report.delete",
        "report.delete.success",
        "report.delete.error"
      ]
    },
    {
      "_id": {
        "$oid": "641437ef75a98434ca7f7742"
      },
      "name": "Посетитель",
      "state": "active",
      "isDefault": false,
      "permissions": [
        "additional_service.list",
        "equipment.list",
        "event.list",
        "event.list-employment-schedule",
        "event.export-estimate",
        "event.calendar",
        "event.view",
        "event.view.draft",
        "event.view.pre_booking",
        "event.view.requested",
        "event.view.task_received",
        "event.view.agreed",
        "event.view.check_in",
        "event.view.check_out",
        "event.view.canceled",
        "event_group.list",
        "event_group.view.active",
        "event_type.list",
        "furniture.list",
        "industry.list",
        "partner.list",
        "partner.view",
        "partner.view.active",
        "partner.view.blocked",
        "report.list",
        "report.add",
        "report",
        "report.delete",
        "report.delete.success",
        "report.delete.error",
        "request.list",
        "request.view",
        "request.view.accepted",
        "request.view.rejected",
        "room.list",
        "room.view",
        "room.view.active",
        "room.view.archived",
        "room_type.list",
        "services_type.list",
        "stop_list_note.list",
        "stop_list_note.view.active",
        "user.edit-my-profile",
        "user.view",
        "user.view.await_email_confirmation",
        "user.view.active",
        "user.view.blocked"
      ]
    },
    {
      "_id": {
        "$oid": "655b0eb20f090ce379f1258a"
      },
      "name": "Менеджер",
      "state": "active",
      "isDefault": true,
      "permissions": [
        "additional_facilities",
        "additional_facilities.edit_part",
        "additional_service.list",
        "booking",
        "booking.edit_part",
        "equipment.list",
        "event.list",
        "event.list-employment-schedule",
        "event.export-estimate",
        "event.calendar",
        "event.create",
        "event.view",
        "event.view.draft",
        "event.view.pre_booking",
        "event.view.requested",
        "event.view.task_received",
        "event.view.agreed",
        "event.view.check_in",
        "event.view.check_out",
        "event.view.canceled",
        "event.edit",
        "event.edit.draft",
        "event.edit.pre_booking",
        "event.edit.requested",
        "event.edit.task_received",
        "event.edit.agreed",
        "event.edit.check_in",
        "event.edit_part",
        "event.to_requested.pre_booking",
        "event.copy_event",
        "event.copy_event.pre_booking",
        "event.copy_event.requested",
        "event.copy_event.task_received",
        "event.copy_event.agreed",
        "event.copy_event.check_in",
        "event.copy_event.check_out",
        "event.copy_event.canceled",
        "event.to_task_received.requested",
        "event.to_agreed.task_received",
        "event.to_check_in.agreed",
        "event.to_check_out.check_in",
        "event_group",
        "event_group.list",
        "event_group.add",
        "event_group.edit.active",
        "event_group.view.active",
        "event_group.delete.active",
        "event_type.list",
        "furniture.list",
        "industry.list",
        "partner.list",
        "partner.view",
        "partner.view.active",
        "partner.view.blocked",
        "report.list",
        "report.add",
        "report",
        "report.delete",
        "report.delete.success",
        "report.delete.error",
        "request.list",
        "request.view",
        "request.view.accepted",
        "request.view.rejected",
        "room.list",
        "room.view",
        "room.view.active",
        "room.view.archived",
        "room_type.list",
        "services_type.list",
        "stop_list_note.list",
        "stop_list_note.view.active",
        "user.edit-my-profile",
        "user.view",
        "user.view.await_email_confirmation",
        "user.view.active",
        "user.view.blocked"
      ]
    }
  ],
  "enabled": true
}
