{
  "type": "add",
  "object": "role",
  "data": [
    {
      "_id": {
        "$oid": "655b0eb20f090ce379f1258a"
      },
      "name": "Менеджер",
      "state": "active",
      "isDefault": true,
      "permissions": [
        "additional_facilities",
        "additional_facilities.edit_part",
        "additional_facilities.edit_part.not_filled",
        "additional_facilities.edit_part.filled",
        "additional_service.list",
        "booking",
        "booking.edit_part",
        "booking.edit_part.not_filled",
        "booking.edit_part.filled",
        "equipment.list",
        "event.list",
        "event.list-employment-schedule",
        "event.export-estimate",
        "event.calendar",
        "event.create",
        "event.view",
        "event.view.draft",
        "event.view.pre_booking",
        "event.view.requested",
        "event.view.task_received",
        "event.view.agreed",
        "event.view.check_in",
        "event.view.check_out",
        "event.view.canceled",
        "event.edit",
        "event.edit.draft",
        "event.edit.pre_booking",
        "event.edit.requested",
        "event.edit.task_received",
        "event.edit.agreed",
        "event.edit.check_in",
        "event.edit_part",
        "event.edit_part.pre_booking",
        "event.edit_part.requested",
        "event.edit_part.task_received",
        "event.edit_part.agreed",
        "event.edit_part.check_in",
        "event.to_requested.pre_booking",
        "event.copy_event",
        "event.copy_event.pre_booking",
        "event.copy_event.requested",
        "event.copy_event.task_received",
        "event.copy_event.agreed",
        "event.copy_event.check_in",
        "event.copy_event.check_out",
        "event.copy_event.canceled",
        "event.to_task_received.requested",
        "event.to_agreed.task_received",
        "event.to_check_in.agreed",
        "event.to_check_out.check_in",
        "event_group",
        "event_group.list",
        "event_group.add",
        "event_group.edit.active",
        "event_group.view.active",
        "event_group.delete.active",
        "event_type.list",
        "furniture.list",
        "industry.list",
        "partner.list",
        "partner.view",
        "partner.view.active",
        "partner.view.blocked",
        "report",
        "report.list",
        "report.add",
        "report.download.generated",
        "report.delete",
        "report.delete.generated",
        "report.delete.errored",
        "request.list",
        "request.view",
        "request.view.accepted",
        "request.view.rejected",
        "room.list",
        "room.view",
        "room.view.active",
        "room.view.archived",
        "room_type.list",
        "services_type.list",
        "stop_list_note.list",
        "stop_list_note.view.active",
        "system-journal",
        "system-journal.list",
        "user.edit-my-profile",
        "user.view",
        "user.view.await_email_confirmation",
        "user.view.active",
        "user.view.blocked"
      ]
    }
  ],
  "enabled": true
}
