{
  "@title": "Реестр дополнительных услуг",
  "type": "object",
  "widget": {
    "name": "container"
  },
  "properties": {
    "breadcrumbs": {
      "type": "object",
      "widget": {
        "name": "breadcrumb",
        "mobileItems": [
          {
            "label": "Главная",
            "routerLink": "/cabinet/event/list"
          }
        ],
        "items": [
          {
            "label": "Главная",
            "routerLink": "/cabinet/event/list"
          },
          {
            "label": "Дополнительные услуги"
          }
        ],
        "class": {
          "group": "p-xs-auto mrg-lg-b-xl mrg-b-md"
        }
      }
    },
    "header-with-button": {
      "type": "object",
      "model": "false",
      "widget": {
        "name": "container",
        "options": {
          "label": "Дополнительные услуги"
        },
        "class": {
          "group": "p-grid mrg-b-lg mrg-t-0",
          "label": "h1 p-xs-12 p-xl-9 pdd-tb-0",
          "value": "p-xs-12 p-xl-3 pdd-tb-0 p-jc-xl-end p-as-center p-autolayout"
        }
      },
      "properties": {
        "button": {
          "type": "string",
          "widget": {
            "name": "button",
            "options": {
              "label": "Добавить услугу",
              "visible": {
                "$api-workflow-check-action": {
                  "workflow": "additional_service",
                  "action": "add"
                }
              }
            },
            "events": {
              "click": {
                "$open-popup": {
                  "workflow": "additional_service",
                  "action": "add"
                }
              }
            },
            "class": {
              "value": "button_primary button_narrow button_h1"
            }
          }
        }
      }
    },
    "search": {
      "type": "object",
      "model": "#desktop-search",
      "widget": {
        "name": "container",
        "class": {
          "group": "mrg-b-md search-with-filters",
          "value": "p-autolayout"
        }
      },
      "properties": {
        "search": {
          "type": "string",
          "widget": {
            "name": "input-group-button",
            "options": {
              "placeholder": "Наименование услуги",
              "actionButtonLabel": "Найти",
              "enableClearButton": true
            },
            "events": {
              "actionButtonClick": {
                "$if": {
                  "condition": {
                    "$validate": {
                      "path": "/"
                    }
                  },
                  "then": {
                    "$grid": {
                      "action": "lazyLoad",
                      "path": "#data",
                      "filters": {
                        "$var": {
                          "path": "#desktop-search"
                        }
                      }
                    }
                  },
                  "else": {}
                }
              }
            },
            "class": {
              "group": "form-item form-item_last height-fit-content flex-1 d-xs-none d-xl-flex",
              "value": "form-item-element",
              "actionButtonGroup": "button_outline"
            }
          }
        }
      }
    },
    "table": {
      "value": {
        "$api-table-workflow-data": {
          "model": "#data",
          "query": "additional_service/list",
          "variables": {
            "$graphql-event-variables": {
              "data": {
                "$element-event": {
                  "event": "lazyLoad"
                }
              }
            }
          },
          "errors": {
            "default": {
              "$message": {
                "severity": "error",
                "summary": "Ошибка",
                "detail": "При загрузке данных произошла ошибка, повторите попытку позднее"
              }
            }
          }
        }
      },
      "type": "array",
      "model": "#data",
      "widget": {
        "name": "table-lazy",
        "paginatorLeft": {
          "type": "string",
          "widget": "info",
          "value": {
            "$grid": {
              "action": "rows-per-page",
              "path": "#data"
            }
          }
        },
        "options": {
          "emptyMessage": "Данные не найдены",
          "responsive": false,
          "first": 0,
          "paginator": true,
          "rows": 10,
          "rowsPerPageOptions": [
            10,
            20,
            50
          ],
          "routerOptions": [
            "first",
            "rows"
          ],
          "sortField": "name",
          "sortOrder": 1,
          "initialFilters": {
            "$var": {
              "path": "#desktop-search"
            }
          }
        },
        "class": {
          "group": "p-xxl-9 p-xs-12"
        },
        "events": {
          "lazyLoad": {
            "$element-option": {
              "path": "#data",
              "option": "loading",
              "value": true
            }
          }
        },
        "subscriptions": {
          "reload-table": {
            "$element-event": {
              "event": "reload",
              "value": true
            }
          }
        }
      },
      "items": {
        "type": "object",
        "properties": {
          "name": {
            "type": "string",
            "widget": {
              "name": "table-column",
              "options": {
                "label": "Наименование услуги",
                "sortable": true
              }
            }
          },
          "serviceTypeId": {
            "type": "string",
            "model": "servicesType.name",
            "widget": {
              "name": "table-column",
              "options": {
                "label": "Тип услуги"
              },
              "class": {
                "header": "column_actions column_actions_fixed"
              }
            }
          },
          "unitPrice": {
            "type": "string",
            "widget": {
              "name": "table-column",
              "options": {
                "visible": false
              }
            }
          },
          "unitPriceView": {
            "type": "object",
            "widget": {
              "name": "table-column",
              "options": {
                "label": "Цена за единицу (руб.)"
              }
            },
            "properties": {
              "number": {
                "type": "string",
                "widget": {
                  "name": "info",
                  "options": {
                    "formatter": "number:'0.2-2':'ru'"
                  },
                  "class": {
                    "value": "p-jc-end"
                  }
                },
                "value": {
                  "$from-context": {
                    "path": "$rowData.unitPrice"
                  }
                }
              }
            }
          },
          "unit": {
            "type": "string",
            "widget": {
              "name": "table-column",
              "options": {
                "label": "Единица измерения"
              },
              "class": {
                "value": "p-text-left",
                "header": "column_actions column_actions_fixed"
              }
            }
          },
          "comment": {
            "type": "string",
            "widget": {
              "name": "table-column",
              "options": {
                "label": "Примечание"
              }
            }
          },
          "actions": {
            "type": "object",
            "widget": {
              "name": "table-column",
              "options": {
                "label": "Действия"
              },
              "class": {
                "header": "column_actions column_actions_fixed",
                "cell": "column_actions"
              }
            },
            "properties": {
              "buttons": {
                "type": "array",
                "model": "actions",
                "items": {
                  "type": "action"
                },
                "widget": {
                  "name": "actions-button"
                }
              }
            }
          }
        }
      }
    },
    "desktop-filter": {
      "type": "object",
      "model": "#simple-search",
      "bindRouter": false,
      "widget": {
        "name": "container",
        "class": {
          "group": "p-xl-3  filters-block d-xl-flex d-none",
          "value": "filters-block_wrapper"
        }
      },
      "properties": {
        "wrapper": {
          "model": false,
          "type": "object",
          "widget": {
            "name": "container",
            "class": {
              "value": "height-fit-content"
            }
          },
          "properties": {
            "header": {
              "model": false,
              "type": "object",
              "widget": {
                "name": "container",
                "class": {
                  "value": "p-autolayout p-jc-between p-ai-center"
                }
              },
              "properties": {
                "label": {
                  "model": false,
                  "type": "string",
                  "widget": {
                    "name": "info",
                    "options": {
                      "viewedValue": "Фильтры"
                    },
                    "class": {
                      "value": "h3"
                    }
                  }
                },
                "clear-button": {
                  "widget": {
                    "name": "button",
                    "options": {
                      "label": "Очистить"
                    },
                    "class": {
                      "value": "button_link"
                    },
                    "events": {
                      "click": [
                        {
                          "$populate": {
                            "path": "#simple-search",
                            "data": {}
                          }
                        },
                        {
                          "$grid": {
                            "action": "lazyLoad",
                            "path": "#data",
                            "filters": {}
                          }
                        }
                      ]
                    }
                  }
                }
              }
            },
            "content": {
              "model": false,
              "type": "object",
              "widget": {
                "name": "accordion",
                "options": {
                  "multiple": true
                },
                "class": {
                  "group": "filters-block_accordion"
                }
              },
              "properties": {
                "type": {
                  "type": "object",
                  "model": false,
                  "widget": {
                    "name": "accordion-tab",
                    "options": {
                      "label": "Тип услуги",
                      "selected": true
                    }
                  },
                  "properties": {
                    "serviceTypeId": {
                      "type": "any",
                      "widget": {
                        "name": "multiselect",
                        "options": {
                          "selected": true,
                          "placeholder": "Выбрать",
                          "useEllipsisWhenDisplayFieldOverflows": false,
                          "optionLabel": "name",
                          "dataKey": "id",
                          "valueKey": "id",
                          "valueOptions": {
                            "$fetch-object": {
                              "path": "data.items",
                              "data": {
                                "$api-data": {
                                  "query": "services_type/get_for_select"
                                }
                              }
                            }
                          }
                        },
                        "class": {
                          "group": "form-item pdd-b-0 p-col-12",
                          "label": "form-label form-label_top",
                          "value": "form-item-element"
                        }
                      }
                    }
                  }
                },
                "priceUnit": {
                  "type": "object",
                  "model": false,
                  "widget": {
                    "name": "accordion-tab",
                    "options": {
                      "label": "Цена за единицу (руб.)",
                      "selected": true
                    }
                  },
                  "properties": {
                    "priceFrom": {
                      "type": "number",
                      "bindRouter": true,
                      "widget": {
                        "name": "input",
                        "options": {
                          "placeholder": "От",
                          "inputmask": {
                            "alias": "integer",
                            "groupSeparator": " ",
                            "autoGroup": true,
                            "radixPoint": ",",
                            "integerDigits": 8,
                            "allowMinus": false,
                            "digits": 2
                          }
                        },
                        "class": {
                          "group": "p-xl-5"
                        }
                      }
                    },
                    "divider": {
                      "type": "string",
                      "model": false,
                      "value": "",
                      "widget": {
                        "name": "info",
                        "class": {
                          "group": "p-xl-2",
                          "value": "text-medium p-jc-center p-ai-center"
                        }
                      }
                    },
                    "priceTo": {
                      "type": "number",
                      "bindRouter": true,
                      "widget": {
                        "name": "input",
                        "options": {
                          "placeholder": "До",
                          "inputmask": {
                            "alias": "integer",
                            "groupSeparator": " ",
                            "autoGroup": true,
                            "radixPoint": ",",
                            "integerDigits": 8,
                            "allowMinus": false,
                            "digits": 2
                          }
                        },
                        "class": {
                          "group": "p-xl-5"
                        }
                      }
                    }
                  }
                }
              }
            },
            "search-button": {
              "widget": {
                "name": "button",
                "options": {
                  "label": "Применить"
                },
                "class": {
                  "group": "p-autolayout p-jc-end",
                  "value": "button_narrow button_outline button_clear"
                },
                "events": {
                  "click": {
                    "$if": {
                      "condition": {
                        "$validate": {
                          "path": "/"
                        }
                      },
                      "then": {
                        "$grid": {
                          "action": "lazyLoad",
                          "path": "#data",
                          "filters": {
                            "$var": {
                              "path": "#simple-search"
                            }
                          }
                        }
                      },
                      "else": {}
                    }
                  }
                }
              }
            }
          }
        }
      }
    }
  }
}
