{
  "@title": "Реестр групп мероприятий",
  "type": "object",
  "widget": {
    "name": "container"
  },
  "properties": {
    "breadcrumbs": {
      "type": "object",
      "widget": {
        "name": "breadcrumb",
        "mobileItems": [
          {
            "label": "Главная",
            "routerLink": "/cabinet/event/list"
          }
        ],
        "items": [
          {
            "label": "Главная",
            "routerLink": "/cabinet/event/list"
          },
          {
            "label": " Реестр групп мероприятий"
          }
        ],
        "class": {
          "group": "p-xs-auto mrg-lg-b-xl mrg-b-md"
        }
      }
    },
    "header-with-button": {
      "type": "object",
      "model": "false",
      "widget": {
        "name": "container",
        "options": {
          "label": " Реестр групп мероприятий"
        },
        "class": {
          "group": "p-grid mrg-b-lg mrg-t-0",
          "label": "h1 p-xs-12 p-xl-9 pdd-tb-0",
          "value": "p-xs-12 p-xl-3 pdd-tb-0 p-jc-xl-end p-as-center p-autolayout"
        }
      },
      "properties": {
        "button": {
          "type": "string",
          "widget": {
            "name": "button",
            "options": {
              "label": "Добавить группу",
              "visible": {
                "$api-workflow-check-action": {
                  "workflow": "event_group",
                  "action": "add"
                }
              }
            },
            "events": {
              "click": {
                "$go": {
                  "workflow": "event_group",
                  "action": "add"
                }
              }
            },
            "class": {
              "value": "button_primary button_narrow button_h1"
            }
          }
        }
      }
    },
    "search": {
      "type": "object",
      "model": "#desktop-search",
      "widget": {
        "name": "container",
        "class": {
          "group": "mrg-b-md search-with-filters",
          "value": "p-autolayout"
        }
      },
      "properties": {
        "search": {
          "type": "string",
          "widget": {
            "name": "input-group-button",
            "options": {
              "placeholder": "Наименование, номер группы",
              "actionButtonLabel": "Найти",
              "enableClearButton": true
            },
            "events": {
              "actionButtonClick": {
                "$if": {
                  "condition": {
                    "$validate": {
                      "path": "/"
                    }
                  },
                  "then": {
                    "$grid": {
                      "action": "lazyLoad",
                      "path": "#data",
                      "filters": {
                        "$var": {
                          "path": "#desktop-search"
                        }
                      }
                    }
                  },
                  "else": {}
                }
              }
            },
            "class": {
              "group": "form-item form-item_last height-fit-content flex-1 d-xs-none d-xl-flex",
              "value": "form-item-element",
              "actionButtonGroup": "button_outline"
            }
          }
        }
      }
    },
    "table": {
      "value": {
        "$api-table-workflow-data": {
          "model": "#data",
          "query": "event_group/list",
          "variables": {
            "$graphql-event-variables": {
              "data": {
                "$element-event": {
                  "event": "lazyLoad"
                }
              }
            }
          },
          "errors": {
            "default": {
              "$message": {
                "severity": "error",
                "summary": "Ошибка",
                "detail": "При загрузке данных произошла ошибка, повторите попытку позднее"
              }
            }
          }
        }
      },
      "type": "array",
      "model": "#data",
      "widget": {
        "name": "table-lazy",
        "paginatorLeft": {
          "type": "string",
          "widget": "info",
          "value": {
            "$grid": {
              "action": "rows-per-page",
              "path": "#data"
            }
          }
        },
        "options": {
          "emptyMessage": "Данные не найдены",
          "responsive": false,
          "first": 0,
          "paginator": true,
          "rows": 10,
          "rowsPerPageOptions": [
            10,
            20,
            50
          ],
          "routerOptions": [
            "first",
            "rows"
          ],
          "initialFilters": {
            "$var": {
              "path": "#desktop-search"
            }
          }
        },
        "class": {
          "group": "p-xxl-12 p-xs-12"
        },
        "events": {
          "lazyLoad": {
            "$element-option": {
              "path": "#data",
              "option": "loading",
              "value": true
            }
          }
        },
        "subscriptions": {
          "reload-table": {
            "$element-event": {
              "event": "reload",
              "value": true
            }
          }
        }
      },
      "items": {
        "type": "object",
        "properties": {
          "id": {
            "type": "string",
            "widget": {
              "name": "table-column",
              "options": {
                "visible": false
              }
            }
          },
          "number": {
            "type": "string",
            "widget": {
              "name": "table-column",
              "options": {
                "label": "Номер"
              },
              "class": {
                "header": "column_actions column_actions_fixed",
                "cell": "column_actions"
              }
            }
          },
          "name": {
            "type": "string",
            "widget": {
              "name": "table-column",
              "options": {
                "visible": false
              }
            }
          },
          "nameView": {
            "type": "object",
            "widget": {
              "name": "table-column",
              "options": {
                "label": "Наименование группы мероприятий"
              }
            },
            "properties": {
              "nameText": {
                "type": "string",
                "widget": {
                  "name": "info",
                  "options": {
                    "visible": {
                      "$not": {
                        "data": {
                          "$active-user-has-permission": {
                            "permission": "event_group.view.active"
                          }
                        }
                      }
                    }
                  }
                },
                "value": {
                  "$from-context": {
                    "path": "$rowData.name"
                  }
                }
              },
              "nameLink": {
                "type": "string",
                "widget": {
                  "name": "link",
                  "options": {
                    "routerLink": "/cabinet/event_group/view",
                    "queryParams": {
                      "id": {
                        "$from-context": {
                          "path": "$rowData.id"
                        }
                      }
                    },
                    "visible": {
                      "$active-user-has-permission": {
                        "permission": "event_group.view.active"
                      }
                    }
                  }
                },
                "value": {
                  "$from-context": {
                    "path": "$rowData.name"
                  }
                }
              }
            }
          },
          "comment": {
            "type": "string",
            "widget": {
              "name": "table-column",
              "options": {
                "label": "Комментарий"
              }
            }
          },
          "actions": {
            "type": "object",
            "widget": {
              "name": "table-column",
              "options": {
                "label": "Действия"
              },
              "class": {
                "header": "column_actions column_actions_fixed",
                "cell": "column_actions"
              }
            },
            "properties": {
              "buttons": {
                "type": "array",
                "model": "actions",
                "items": {
                  "type": "action"
                },
                "widget": {
                  "name": "actions-button"
                }
              }
            }
          }
        }
      }
    }
  }
}
