{
  "@title": "Подтверждение удаления уведомления",
  "type": "object",
  "model": "#data",
  "widget": {
    "name": "form",
    "options": {
      "label": "Подтверждение удаления"
    },
    "kind": "form-popup-with-h1-style"
  },
  "properties": {
    "object": {
      "type": "object",
      "widget": {
        "name": "info",
        "options": {
          "viewedValue": "Вы действительно хотите удалить выбранное уведомление?"
        }
      }
    },
    "actions": {
      "type": "object",
      "widget": {
        "name": "container",
        "class": {
          "group": "form-actions p-field p-grid mrg-t-lg",
          "value": "p-jc-xs-end p-autolayout"
        }
      },
      "properties": {
        "accept": {
          "widget": {
            "name": "submit-button",
            "options": {
              "label": "Удалить",
              "clientValidation": false,
              "workflowAction": "notification.delete",
              "workflowObjectId": {
                "$query-params": {
                  "name": "id"
                }
              },
              "showSuccessMessage": true,
              "successMessageSummary": "Удаление уведомления",
              "successMessageDetail": "Уведомление успешно удалено",
              "urlInCaseOfSuccess": "/cabinet/notification/list",
              "showServerValidationErrorMessage": true,
              "serverValidationErrorMessageSummary": "Удаление уведомления",
              "serverValidationErrorMessageDetail": "Форма содержит ошибки",
              "showOtherErrorMessageSummary": true,
              "otherErrorMessageSummary": "Удаление уведомления",
              "otherErrorMessageDetail": "Непредвиденная ошибка",
              "reloadTable": true,
              "closePopup": true
            },
            "class": {
              "value": "mrg-r-sm"
            }
          }
        },
        "cancel": {
          "widget": {
            "name": "button",
            "options": {
              "label": "Отменить"
            },
            "events": {
              "click": {
                "$close-popup": null
              }
            },
            "class": {
              "value": "button_outline mrg-r-0 mrg-b-0"
            }
          }
        }
      }
    }
  }
}
