{
  "@title": "Восстановление пароля",
  "@preload": {
    "isAuth": {
      "$not-empty": {
        "data": {
          "$active-user": {
            "field": "_id"
          }
        }
      }
    }
  },
  "type": "object",
  "model": "#data",
  "widget": {
    "name": "fieldset",
    "options": {
      "formWrap": true,
      "label": "Восстановление пароля"
    },
    "class": {
      "group": "p-jc-center login-form",
      "label": "h1 mrg-b-lg",
      "value": "form-group_popup-collapse"
    }
  },
  "properties": {
    "isAuth": {
      "type": "boolean",
      "widget": "hidden",
      "model": false,
      "value": {
        "$if": {
          "condition": {
            "$from-context": {
              "path": "@preload.isAuth"
            }
          },
          "then": {
            "$go": {
              "workflow": "user",
              "action": "index"
            }
          }
        }
      }
    },
    "email": {
      "type": "string",
      "widget": {
        "name": "input",
        "options": {
          "label": "Укажите адрес электронной почты, на который зарегистрирован ваш пользователь"
        },
        "class": {
          "group": "form-item p-fluid d-block mrg-b-lg",
          "label": "form-label form-label_top",
          "value": "form-item-element"
        }
      },
      "validation": [
        {
          "type": "schema",
          "params": {
            "rule": {
              "$not-empty": {
                "data": {
                  "$var": {
                    "path": "."
                  }
                }
              }
            },
            "message": "Обязательно для заполнения"
          },
          "events": [
            "onUpdate",
            "onBackend"
          ]
        },
        {
          "type": "schema",
          "params": {
            "rule": {
              "$or": {
                "operands": [
                  {
                    "$empty": {
                      "data": {
                        "$var": {
                          "path": "."
                        }
                      }
                    }
                  },
                  "$ref:operation-frontend:snippets/validation/checks/email"
                ]
              }
            },
            "message": "Некорректное значение адреса электронной почты"
          },
          "events": [
            "onUpdate",
            "onBackend"
          ]
        },
        {
          "type": "schema",
          "params": {
            "rule": {
              "$not": {
                "data": "$ref:operation-frontend:snippets/validation/checks/user_email_exists_recovery_password"
              }
            },
            "message": "Не найден пользователь с указанным адресом. Проверьте корректность введенных данных"
          },
          "events": [
            "onBackend"
          ]
        },
        {
          "type": "schema",
          "params": {
            "rule": {
              "$if": {
                "condition": {
                  "$not-empty": {
                    "data": {
                      "$assign-context": {
                        "path": "$status",
                        "data": {
                          "$fetch-object": {
                            "throwable": false,
                            "path": "data.user.state",
                            "data": {
                              "$api-data": {
                                "workflow": "user",
                                "action": "recovery-password",
                                "query": "user/find_by_email",
                                "variables": {
                                  "email": {
                                    "$var": {
                                      "path": "."
                                    }
                                  }
                                }
                              }
                            }
                          }
                        }
                      }
                    }
                  }
                },
                "then": {
                  "$if": {
                    "condition": {
                      "$not-empty": {
                        "data": {
                          "$assign-context": {
                            "path": "$filtered",
                            "data": {
                              "$array-filter": {
                                "array": [
                                  {
                                    "code": "blocked",
                                    "error": "Пользователь с указанным адресом заблокирован в Системе"
                                  },
                                  {
                                    "code": "await_email_confirmation",
                                    "error": "Пользователь с указанным адресом не подтвердил адрес электронной почты"
                                  }
                                ],
                                "filter": {
                                  "===": {
                                    "operand1": {
                                      "$from-context": {
                                        "path": "$data.code"
                                      }
                                    },
                                    "operand2": {
                                      "$from-context": {
                                        "path": "$status"
                                      }
                                    }
                                  }
                                }
                              }
                            }
                          }
                        }
                      }
                    },
                    "then": {
                      "$from-context": {
                        "path": "$filtered.0"
                      }
                    },
                    "else": true
                  }
                },
                "else": true
              }
            },
            "message": "{{error}}"
          },
          "events": [
            "onBackend"
          ]
        },
        {
          "type": "schema",
          "params": {
            "rule": {
              "$not": {
                "data": {
                  "$fetch-object": {
                    "throwable": false,
                    "path": "data.user.userAD",
                    "data": {
                      "$api-data": {
                        "workflow": "user",
                        "action": "recovery-password",
                        "query": "user/find_by_email",
                        "variables": {
                          "email": {
                            "$var": {
                              "path": "."
                            }
                          }
                        }
                      }
                    }
                  }
                }
              }
            },
            "message": "Данный пользователь создан из Active Directory. Для смены пароля обратитесь к администратору."
          },
          "events": [
            "onBackend"
          ]
        }
      ]
    },
    "actions": {
      "type": "object",
      "widget": {
        "name": "container",
        "class": {
          "group": "form-actions p-field p-grid mrg-t-lg",
          "value": "p-jc-xs-end p-autolayout"
        }
      },
      "properties": {
        "save": {
          "widget": {
            "name": "submit-button",
            "options": {
              "label": "Восстановить пароль",
              "clientValidation": true,
              "dataForClientValidation": "/",
              "showClientValidationErrorsForElement": "form",
              "showClientValidationErrorMessage": true,
              "clientValidationErrorMessageSummary": "Ошибка",
              "clientValidationErrorMessageDetail": "Одно или несколько полей заполнены некорректно",
              "workflowAction": "user.recovery-password",
              "workflowObjectId": {
                "$query-params": {
                  "name": "id"
                }
              },
              "dataForSubmit": {
                "$var": {
                  "path": "#data"
                }
              },
              "showSuccessMessage": true,
              "successMessageSummary": "Восстановление пароля",
              "successMessageDetail": "Уведомление с инструкциями по восстановлению пароля отправлено на адрес вашей электронной почты",
              "urlInCaseOfSuccess": "/index/index",
              "showServerValidationErrorMessage": true,
              "serverValidationErrorMessageSummary": "Восстановление пароля",
              "serverValidationErrorMessageDetail": "Форма содержит ошибки",
              "showOtherErrorMessageSummary": true,
              "otherErrorMessageSummary": "Восстановление пароля",
              "otherErrorMessageDetail": "Непредвиденная ошибка",
              "reloadTable": false,
              "closePopup": false
            },
            "class": {
              "value": "mrg-r-sm"
            }
          }
        },
        "cancel": {
          "widget": {
            "name": "button",
            "options": {
              "label": "Отмена"
            },
            "events": {
              "click": {
                "$go": {
                  "workflow": "index",
                  "action": "index"
                }
              }
            },
            "kind": "button-btn-outline-last-style"
          }
        }
      }
    }
  }
}
