{
  "@title": "Сброс пароля пользователя",
  "type": "object",
  "widget": {
    "name": "container"
  },
  "@preload": {
    "user": {
      "$from-context": {
        "path": "$response.body.data.user",
        "data": {
          "$http-code": {
            "client": {
              "$api-data": {
                "query": "user/get",
                "id": {
                  "$query-params": {
                    "name": "id"
                  }
                },
                "options": {
                  "observe": "response"
                },
                "variables": {
                  "id": {
                    "$query-params": {
                      "name": "id"
                    }
                  }
                }
              }
            }
          }
        }
      }
    }
  },
  "properties": {
    "form": {
      "type": "object",
      "model": "#data",
      "widget": {
        "name": "form",
        "options": {
          "label": {
            "$replace": {
              "template": "Сброс пароля пользователя",
              "throwable": false
            }
          }
        },
        "kind": "form-popup-with-h1-style"
      },
      "value": {
        "$from-context": {
          "path": "@preload.user"
        }
      },
      "properties": {
        "fullName": {
          "type": "string",
          "widget": "hidden"
        },
        "type": {
          "type": "string",
          "widget": "hidden"
        },
        "question": {
          "type": "string",
          "widget": {
            "name": "html"
          },
          "value": {
            "$replace": {
              "template": "<p>Вы действительно хотите сбросить пароль у пользователя {{fio}}?</p>",
              "throwable": false,
              "data": {
                "fio": {
                  "$subs": {
                    "path": "#data.fullName"
                  }
                }
              }
            }
          }
        },
        "actions": {
          "type": "object",
          "widget": {
            "name": "container",
            "class": {
              "group": "form-actions p-field p-grid mrg-t-lg",
              "value": "p-jc-xs-end p-autolayout"
            }
          },
          "properties": {
            "save": {
              "widget": {
                "name": "submit-button",
                "options": {
                  "label": "Сбросить пароль",
                  "clientValidation": true,
                  "dataForClientValidation": "/",
                  "showClientValidationErrorsForElement": "form",
                  "showClientValidationErrorMessage": true,
                  "clientValidationErrorMessageSummary": "Ошибка",
                  "clientValidationErrorMessageDetail": "Одно или несколько полей заполнены некорректно",
                  "workflowAction": "user.reset-password",
                  "workflowObjectId": {
                    "$query-params": {
                      "name": "id"
                    }
                  },
                  "dataForSubmit": {
                    "$var": {
                      "path": "#data"
                    }
                  },
                  "showSuccessMessage": true,
                  "successMessageSummary": "Сброс пароля",
                  "successMessageDetail": "Пароль сброшен. Уведомление с инструкциями по восстановлению пароля отправлено на адрес электронной почты пользователя",
                  "showServerValidationErrorMessage": true,
                  "serverValidationErrorMessageSummary": "Сброс пароля",
                  "serverValidationErrorMessageDetail": "Форма содержит ошибки",
                  "showOtherErrorMessageSummary": true,
                  "otherErrorMessageSummary": "Сброс пароля",
                  "otherErrorMessageDetail": "Непредвиденная ошибка",
                  "reloadTable": true,
                  "closePopup": true
                },
                "class": {
                  "value": "mrg-r-sm"
                }
              }
            },
            "cancel": {
              "widget": {
                "name": "button",
                "options": {
                  "label": "Отмена"
                },
                "events": {
                  "click": {
                    "$close-popup": null
                  }
                },
                "kind": "button-btn-outline-last-style"
              }
            }
          }
        }
      }
    }
  }
}
