{
  "type": "object",
  "widget": {
    "name": "container"
  },
  "properties": {
    "time-info": "$ref:fieldset:snippets/element/time_info",
    "breadcrumbs": {
      "type": "object",
      "widget": {
        "name": "breadcrumb",
        "mobileItems": [
          {
            "label": "Главная",
            "routerLink": "/cabinet/event/list"
          }
        ],
        "items": [
          {
            "label": "Главная",
            "routerLink": "/cabinet/event/list"
          },
          {
            "label": "Шаблоны рассылки"
          }
        ],
        "kind": "breadcrumb-breadcrumbs-container-style"
      }
    },
    "header-with-button": {
      "type": "object",
      "widget": {
        "name": "container",
        "options": {
          "label": "Шаблоны рассылки"
        },
        "kind": "container-header-with-button-container-style"
      }
    },
    "search": "$ref:fieldset:notification-template-settings/list_search",
    "table": {
      "value": {
        "$api-table-workflow-data": {
          "model": "#data",
          "options": {
            "observe": "response"
          },
          "variables": {
            "$graphql-event-variables": {
              "data": {
                "$element-event": {
                  "event": "lazyLoad"
                }
              }
            }
          },
          "query": "notification_template_settings/list",
          "errors": {
            "default": "$ref:operation-frontend:snippets/element/_http_message/http-default-error-message-load"
          }
        }
      },
      "type": "array",
      "model": "#data",
      "widget": {
        "name": "table-old",
        "paginatorLeft": {
          "type": "string",
          "widget": "info",
          "value": {
            "$grid": {
              "action": "rows-per-page",
              "path": "#data"
            }
          }
        },
        "events": {
          "lazyLoad": {
            "$element-option": {
              "path": "#data",
              "option": "loading",
              "value": true
            }
          }
        },
        "class": {
          "value": "data-table d-block mrg-b-lg"
        },
        "subscriptions": {
          "reload-table": {
            "$element-event": {
              "event": "reload",
              "value": true
            }
          }
        },
        "columns": {
          "templateInfo.templateVisualName": {
            "label": "Наименование"
          },
          "templateInfo.templateDescription": {
            "label": "Описание"
          },
          "event.name": {
            "label": "Событие"
          },
          "statusName": {
            "label": "Статус"
          },
          "actions": {
            "label": "Действие",
            "class": {
              "label": "column_actions",
              "value": "column_actions"
            }
          }
        },
        "kind": "table-old-data-table-default-options"
      },
      "items": {
        "type": "object",
        "properties": {
          "_id": {
            "type": "string",
            "widget": "hidden"
          },
          "templateInfo": {
            "type": "object",
            "properties": {
              "templateVisualName": {
                "type": "string",
                "widget": "info"
              },
              "templateDescription": {
                "type": "string",
                "widget": "info"
              }
            },
            "widget": {
              "name": "fieldset"
            }
          },
          "event": {
            "type": "object",
            "properties": {
              "name": {
                "type": "string",
                "widget": "info"
              }
            },
            "widget": {
              "name": "fieldset"
            }
          },
          "state": {
            "type": "string",
            "widget": "hidden"
          },
          "statusName": {
            "type": "object",
            "widget": "container",
            "properties": {
              "visualName": {
                "type": "string",
                "widget": {
                  "name": "html"
                },
                "value": {
                  "$replace": {
                    "template": "<span class=\"badge {{colorCode}}\">{{name}}</span>",
                    "data": {
                      "colorCode": {
                        "$switch": {
                          "condition": {
                            "$subs": {
                              "path": "#data[].state"
                            }
                          },
                          "default": "",
                          "cases": [
                            {
                              "value": "active",
                              "action": "badge_active"
                            },
                            {
                              "value": "disabled",
                              "action": "badge_error"
                            }
                          ]
                        }
                      },
                      "name": {
                        "$switch": {
                          "condition": {
                            "$subs": {
                              "path": "#data[].state"
                            }
                          },
                          "default": "",
                          "cases": [
                            {
                              "value": "active",
                              "action": "Активен"
                            },
                            {
                              "value": "disabled",
                              "action": "Неактивен"
                            }
                          ]
                        }
                      }
                    }
                  }
                }
              }
            }
          },
          "actions": "$ref:fieldset:snippets/element/data-table/actions@@#data[]"
        }
      }
    }
  }
}
