{
  "@title": "Реестр ролей",
  "type": "object",
  "model": "/",
  "widget": "container",
  "properties": {
    "breadcrumbs": {
      "type": "object",
      "widget": {
        "name": "breadcrumb",
        "mobileItems": [
          {
            "label": "Главная",
            "routerLink": "/cabinet/event/list"
          }
        ],
        "items": [
          {
            "label": "Главная",
            "routerLink": "/cabinet/event/list"
          },
          {
            "label": "Роли пользователей"
          }
        ],
        "kind": "breadcrumb-breadcrumbs-container-style"
      }
    },
    "header-with-button": {
      "type": "object",
      "widget": {
        "name": "container",
        "options": {
          "label": "Роли пользователей"
        },
        "kind": "container-header-with-button-container-style"
      },
      "properties": {
        "button": {
          "type": "string",
          "widget": {
            "name": "button",
            "options": {
              "label": "Добавить роль",
              "visible": {
                "$api-workflow-check-action": {
                  "workflow": "user-role",
                  "action": "add"
                }
              }
            },
            "events": {
              "click": {
                "$go": {
                  "workflow": "user-role",
                  "action": "add"
                }
              }
            },
            "class": {
              "value": "button_primary button_narrow button_h1"
            }
          }
        }
      }
    },
    "search": {
      "model": "#search",
      "type": "object",
      "widget": {
        "name": "container",
        "class": {
          "group": "mrg-b-md search-with-filters",
          "value": "p-autolayout"
        }
      },
      "properties": {
        "search": {
          "type": "string",
          "widget": {
            "name": "input-group-button",
            "options": {
              "placeholder": "Наименование роли",
              "actionButtonIconMobile": "icon-search",
              "actionButtonLabel": "Найти",
              "enableClearButton": true
            },
            "events": {
              "actionButtonClick": {
                "$if": {
                  "condition": {
                    "$validate": {
                      "path": "/"
                    }
                  },
                  "then": {
                    "$grid": {
                      "action": "lazyLoad",
                      "path": "#data",
                      "filters": {
                        "$var": {
                          "path": "#search"
                        }
                      }
                    }
                  },
                  "else": {}
                }
              },
              "keypress-13": {
                "$if": {
                  "condition": {
                    "$validate": {
                      "path": "/"
                    }
                  },
                  "then": {
                    "$grid": {
                      "action": "lazyLoad",
                      "path": "#data",
                      "filters": {
                        "$var": {
                          "path": "#search"
                        }
                      }
                    }
                  },
                  "else": {}
                }
              }
            },
            "class": {
              "group": "form-item form-item_last height-fit-content flex-1 d-xs-none d-xl-flex",
              "value": "form-item-element",
              "actionButtonGroup": "button_outline"
            }
          }
        }
      }
    },
    "permissions": {
      "type": "any",
      "widget": "hidden",
      "model": "#permissions",
      "value": {
        "$fetch-object": {
          "path": "data.tree",
          "data": {
            "$api-data": {
              "query": "role/permissions"
            }
          }
        }
      }
    },
    "table": {
      "value": {
        "$api-table-workflow-data": {
          "model": "#data",
          "query": "role/list",
          "options": {
            "observe": "response"
          },
          "variables": {
            "$graphql-event-variables": {
              "data": {
                "$element-event": {
                  "event": "lazyLoad"
                }
              }
            }
          },
          "errors": {
            "default": "$ref:operation-frontend:snippets/element/_http_message/http-default-error-message-load"
          }
        }
      },
      "type": "array",
      "model": "#data",
      "widget": {
        "name": "table-lazy",
        "paginatorLeft": {
          "type": "string",
          "widget": "info",
          "value": {
            "$grid": {
              "action": "rows-per-page",
              "path": "#data"
            }
          }
        },
        "events": {
          "lazyLoad": {
            "$element-option": {
              "path": "#data",
              "option": "loading",
              "value": true
            }
          }
        },
        "options": {
          "initialFilters": {
            "$var": {
              "path": "#search"
            }
          },
          "emptyMessage": "Данные не найдены",
          "sortField": "name",
          "sortOrder": 1,
          "lazy": true,
          "paginator": true,
          "first": 0,
          "rows": 10,
          "rowsPerPageOptions": [
            10,
            20,
            50
          ],
          "routerOptions": [
            "first",
            "rows"
          ]
        },
        "class": {
          "value": "data-table d-block mrg-b-lg"
        },
        "subscriptions": {
          "reload-table": {
            "$element-event": {
              "event": "reload",
              "value": true
            }
          }
        }
      },
      "items": {
        "type": "object",
        "properties": {
          "name": {
            "type": "string",
            "widget": {
              "name": "table-column",
              "options": {
                "label": "Наименование",
                "sortable": true
              }
            }
          },
          "permissions": {
            "type": "array",
            "widget": {
              "name": "table-column",
              "options": {
                "visible": false
              }
            },
            "items": {
              "type": "string",
              "widget": {
                "name": "input"
              }
            }
          },
          "tree": {
            "type": "object",
            "widget": {
              "name": "table-column",
              "options": {
                "label": "Привилегии"
              }
            },
            "properties": {
              "common": {
                "type": "any",
                "model": "#tree",
                "widget": {
                  "name": "tree",
                  "options": {
                    "valueOptions": {
                      "$apply-func": {
                        "func": "$ref:js:role/parse-tree",
                        "args": {
                          "tree": {
                            "$subs": {
                              "path": "#permissions"
                            }
                          },
                          "items": {
                            "$subs": {
                              "path": "#data[].permissions"
                            }
                          }
                        }
                      }
                    },
                    "valueKey": "label"
                  }
                }
              }
            }
          },
          "actions_column": {
            "type": "object",
            "widget": {
              "name": "table-column",
              "options": {
                "label": "Действия"
              },
              "class": {
                "header": "column_actions column_actions_fixed",
                "cell": "column_actions"
              }
            },
            "properties": {
              "actions": {
                "type": "array",
                "model": "actions",
                "widget": {
                  "name": "actions-button",
                  "items": {
                    "$subs": {
                      "path": "#data[].actions"
                    }
                  }
                },
                "items": {
                  "type": "action",
                  "properties": {
                    "id": {
                      "type": "string",
                      "widget": "hidden"
                    },
                    "title": {
                      "type": "string",
                      "widget": "hidden"
                    },
                    "icon": {
                      "type": "string",
                      "widget": "hidden"
                    },
                    "url": {
                      "type": "string",
                      "widget": "hidden"
                    },
                    "routerLink": {
                      "type": "string",
                      "widget": "hidden"
                    },
                    "popup": {
                      "type": "string",
                      "widget": "hidden"
                    },
                    "hidden": {
                      "type": "string",
                      "widget": "hidden"
                    }
                  }
                }
              }
            }
          }
        }
      }
    }
  }
}
