{
  "iam": [
    {
      "type": "ldap",
      "name": "auth-ldap",
      "options": {
        "url": "%$ref:settings:UrlAD%",
        "baseDN": "%$ref:settings:BaseDN%",
        "bindDN": "%$ref:settings:BindDN%",
        "bindPassword": "%$ref:settings:BindPassword%",
        "attributes": [
          "mail",
          "sAMAccountName",
          "displayName",
          "description",
          "userAccountControl"
        ],
        "identityMap": {
          "localField": "login",
          "remoteField": "sAMAccountName"
        },
        "onCreate": {
          "enabled": true,
          "workflow": "user",
          "action": "create-ldap"
        },
        "onUpdate": {
          "enabled": true,
          "workflow": "user",
          "action": "update-ldap"
        }
      }
    }
  ]
}
