{
  "meta": {
    "title": "Выражение datetime-formatter"
  },
  "schema": {
    "$if": {
      "condition": {
        "$not-empty": {
          "data": {
            "$active-user": {
              "field": "_id"
            }
          }
        }
      },
      "then": {
        "$replace": {
          "template": "datetime:\"DD.MM.YYYY HH:mm\":\"{{0}}\"",
          "data": [
            {
              "$active-user": {
                "field": "timezone.offset"
              }
            }
          ]
        }
      },
      "else": "datetime:\"DD.MM.YYYY HH:mm\""
    }
  }
}
