{
  "@title": "Редактирование вида мероприятий",
  "@preload": {
    "$from-context": {
      "path": "$response.body.data.items.0",
      "data": {
        "$api-data": {
          "id": {
            "$query-params": {
              "name": "id"
            }
          },
          "options": {
            "observe": "response"
          },
          "variables": {
            "id": {
              "$query-params": {
                "name": "id"
              }
            }
          },
          "query": "event_type/get"
        }
      }
    }
  },
  "type": "object",
  "model": "#data",
  "widget": {
    "name": "container"
  },
  "properties": {
    "header": {
      "type": "string",
      "widget": {
        "name": "info",
        "options": {
          "label": "Редактирование вида мероприятий"
        },
        "class": {
          "group": "popup",
          "label": "h1 mrg-b-lg",
          "value": "form-group_popup-collapse"
        }
      }
    },
    "object": {
      "type": "object",
      "value": {
        "$from-context": {
          "path": "@preload"
        }
      },
      "widget": {
        "name": "container"
      },
      "properties": {
        "name": {
          "type": "string",
          "widget": {
            "name": "input",
            "options": {
              "label": "Наименование вида мероприятий"
            },
            "class": {
              "group": "p-field p-grid p-fluid mrg-b-lg",
              "label": "form-label form-label_required form-label_top p-col-12",
              "value": "form-item-element p-col-12"
            }
          },
          "validation": [
            {
              "type": "schema",
              "params": {
                "rule": {
                  "$not-empty": {
                    "data": {
                      "$var": {
                        "path": "."
                      }
                    }
                  }
                },
                "message": "Поле обязательно для заполнения"
              },
              "events": [
                "onBackend",
                "onUpdate"
              ]
            },
            {
              "type": "schema",
              "params": {
                "rule": {
                  "===": {
                    "operand1": 0,
                    "operand2": {
                      "$fetch-object": {
                        "path": "data.count",
                        "data": {
                          "$api-data": {
                            "query": "event_type/name_exists",
                            "variables": {
                              "name": {
                                "$var": {
                                  "path": "."
                                }
                              },
                              "except": {
                                "$query-params": {
                                  "name": "id"
                                }
                              }
                            }
                          }
                        }
                      }
                    }
                  }
                },
                "message": "Данное наименование уже используется для другой дополнительной услуги"
              },
              "events": [
                "onBackend"
              ]
            }
          ]
        },
        "description": {
          "type": "string",
          "widget": {
            "name": "input",
            "options": {
              "label": "Примечание"
            },
            "class": {
              "group": "p-field p-grid p-fluid mrg-b-lg",
              "label": "form-label p-xs-12 p-md-4 p-xl-3",
              "value": "form-item-element p-col-12"
            }
          }
        }
      }
    },
    "actions": {
      "type": "object",
      "widget": {
        "name": "container",
        "class": {
          "group": "form-actions p-field p-grid mrg-t-lg",
          "value": "p-jc-xs-end p-autolayout"
        }
      },
      "properties": {
        "save": {
          "widget": {
            "name": "submit-button",
            "options": {
              "label": "Сохранить",
              "clientValidation": true,
              "dataForClientValidation": "/",
              "showClientValidationErrorsForElement": "form",
              "showClientValidationErrorMessage": true,
              "clientValidationErrorMessageSummary": "Ошибка",
              "clientValidationErrorMessageDetail": "Одно или несколько полей заполнены некорректно",
              "workflowAction": "event_type.edit",
              "workflowObjectId": {
                "$query-params": {
                  "name": "id"
                }
              },
              "dataForSubmit": {
                "$filter-empty": {
                  "data": {
                    "$var": {
                      "path": "#data.object"
                    }
                  },
                  "mode": "to_null"
                }
              },
              "showSuccessMessage": true,
              "successMessageSummary": "Редактирование вида мероприятий",
              "successMessageDetail": "Вид мероприятий успешно изменен",
              "urlInCaseOfSuccess": "/cabinet/event_type/list",
              "showServerValidationErrorMessage": true,
              "serverValidationErrorMessageSummary": "Редактирование вида мероприятий",
              "serverValidationErrorMessageDetail": "Форма содержит ошибки",
              "showOtherErrorMessageSummary": true,
              "otherErrorMessageSummary": "Редактирование вида мероприятий",
              "otherErrorMessageDetail": "Непредвиденная ошибка",
              "reloadTable": true,
              "closePopup": true
            },
            "class": {
              "value": "mrg-r-sm"
            }
          }
        },
        "cancel": {
          "widget": {
            "name": "button",
            "options": {
              "label": "Отмена"
            },
            "events": {
              "click": {
                "$go": {
                  "workflow": "event_type",
                  "action": "list"
                }
              }
            },
            "class": {
              "value": "button_outline mrg-r-0 mrg-b-0"
            }
          }
        }
      }
    }
  }
}
