{
  "@title": "Реестр видов мероприятий",
  "type": "object",
  "widget": {
    "name": "container"
  },
  "properties": {
    "breadcrumbs": {
      "type": "object",
      "widget": {
        "name": "breadcrumb",
        "mobileItems": [
          {
            "label": "Главная",
            "routerLink": "/cabinet/event/list"
          }
        ],
        "items": [
          {
            "label": "Главная",
            "routerLink": "/cabinet/event/list"
          },
          {
            "label": "Виды мероприятий"
          }
        ],
        "class": {
          "group": "p-xs-auto mrg-lg-b-xl mrg-b-md"
        }
      }
    },
    "header-with-button": {
      "type": "object",
      "widget": {
        "name": "container",
        "options": {
          "label": "Виды мероприятий"
        },
        "class": {
          "group": "p-grid mrg-b-lg mrg-t-0",
          "label": "h1 p-xs-12 p-xl-9 pdd-tb-0",
          "value": "p-xs-12 p-xl-3 pdd-tb-0 p-jc-xl-end p-as-center p-autolayout"
        }
      },
      "properties": {
        "button": {
          "type": "string",
          "widget": {
            "name": "button",
            "options": {
              "label": "Добавить вид мероприятий",
              "visible": {
                "$api-workflow-check-action": {
                  "workflow": "event_type",
                  "action": "add"
                }
              }
            },
            "events": {
              "click": {
                "$open-popup": {
                  "workflow": "event_type",
                  "action": "add"
                }
              }
            },
            "class": {
              "value": "button_primary button_narrow button_h1"
            }
          }
        }
      }
    },
    "search": {
      "type": "object",
      "model": "#desktop-search",
      "widget": {
        "name": "container",
        "class": {
          "group": "mrg-b-md search-with-filters",
          "value": "p-autolayout"
        }
      },
      "properties": {
        "search": {
          "type": "string",
          "widget": {
            "name": "input-group-button",
            "options": {
              "placeholder": "Наименование вида мероприятий",
              "actionButtonIconMobile": "icon-search",
              "actionButtonLabel": "Найти",
              "enableClearButton": true
            },
            "events": {
              "actionButtonClick": {
                "search-apply": {
                  "$grid": {
                    "action": "lazyLoad",
                    "path": "#data",
                    "filters": {
                      "$var": {
                        "path": "#desktop-search"
                      }
                    }
                  }
                }
              }
            },
            "class": {
              "group": "form-item form-item_last height-fit-content flex-1 d-xs-none d-xl-flex",
              "value": "form-item-element",
              "actionButtonGroup": "button_outline"
            }
          }
        }
      }
    },
    "table": {
      "value": {
        "$api-table-workflow-data": {
          "model": "#data",
          "query": "event_type/list",
          "variables": {
            "$graphql-event-variables": {
              "data": {
                "$element-event": {
                  "event": "lazyLoad"
                }
              }
            }
          },
          "errors": {
            "default": {
              "$message": {
                "severity": "error",
                "summary": "Ошибка",
                "detail": "При загрузке данных произошла ошибка, повторите попытку позднее"
              }
            }
          }
        }
      },
      "type": "array",
      "model": "#data",
      "widget": {
        "name": "table-lazy",
        "options": {
          "initialFilters": {
            "$var": {
              "path": "#desktop-search"
            }
          },
          "emptyMessage": "Данные не найдены",
          "responsive": false,
          "first": 0,
          "lazy": true,
          "paginator": true,
          "rows": 10,
          "rowsPerPageOptions": [
            10,
            20,
            50
          ],
          "routerOptions": [
            "first",
            "rows"
          ],
          "sortField": "name",
          "sortOrder": 1
        },
        "class": {},
        "events": {
          "lazyLoad": {
            "$element-option": {
              "path": "#data",
              "option": "loading",
              "value": true
            }
          }
        },
        "subscriptions": {
          "reload-table": {
            "$element-event": {
              "event": "reload",
              "value": true
            }
          }
        }
      },
      "items": {
        "type": "object",
        "properties": {
          "name": {
            "type": "string",
            "widget": {
              "name": "table-column",
              "options": {
                "label": "Наименование вида мероприятий",
                "sortable": true
              }
            }
          },
          "description": {
            "type": "string",
            "widget": {
              "name": "table-column",
              "options": {
                "label": "Примечание"
              }
            }
          },
          "actions": {
            "type": "object",
            "widget": {
              "name": "table-column",
              "options": {
                "label": "Действия"
              },
              "class": {
                "value": "p-text-left",
                "header": "column_actions column_actions_fixed",
                "cell": "column_actions"
              }
            },
            "properties": {
              "buttons": {
                "type": "array",
                "model": "actions",
                "items": {
                  "type": "action"
                },
                "widget": {
                  "name": "actions-button"
                }
              }
            }
          }
        }
      }
    }
  }
}
