{
  "type": "init",
  "object": "seating_type",
  "data": [
    {
      "_id": {
        "$oid": "64ad03e460bfd086ae6ca53e"
      },
      "name": "Круглые столы по 10 человек"
    },
    {
      "_id": {
        "$oid": "64ad040c60bfd01b436ca56f"
      },
      "name": "Круглые столы по 8 человек"
    },
    {
      "_id": {
        "$oid": "64ad040c60bfd0f8446ca570"
      },
      "name": "Круглые столы по 6 человек"
    },
    {
      "_id": {
        "$oid": "64ad040c60bfd04b336ca571"
      },
      "name": "Квадратные столы по 4 человека"
    },
    {
      "_id": {
        "$oid": "64ad040c60bfd04c576ca572"
      },
      "name": "Квадрат (круглый стол)"
    },
    {
      "_id": {
        "$oid": "64ad040c60bfd063816ca573"
      },
      "name": "Общий стол"
    },
    {
      "_id": {
        "$oid": "64ad040c60bfd090c46ca574"
      },
      "name": "Кресла и столики"
    },
    {
      "_id": {
        "$oid": "64ad040c60bfd0fa376ca575"
      },
      "name": "Класс"
    },
    {
      "_id": {
        "$oid": "64ad040c60bfd040166ca576"
      },
      "name": "Фуршетные столы"
    },
    {
      "_id": {
        "$oid": "64ad040c60bfd01cec6ca577"
      },
      "name": "Театр"
    },
    {
      "_id": {
        "$oid": "64ad040c60bfd0c18e6ca578"
      },
      "name": "П-образная"
    },
    {
      "_id": {
        "$oid": "64ad040c60bfd00b106ca579"
      },
      "name": "Пустое помещение"
    }
  ],
  "enabled": true
}
