{
  "@title": "Реестр стран",
  "type": "object",
  "widget": "container",
  "model": "/",
  "properties": {
    "breadcrumbs": {
      "type": "object",
      "widget": {
        "name": "breadcrumb",
        "mobileItems": [
          {
            "label": "Главная",
            "routerLink": "/cabinet/event/list"
          }
        ],
        "items": [
          {
            "label": "Главная",
            "routerLink": "/cabinet/event/list"
          },
          {
            "label": "Справочник стран"
          }
        ],
        "class": {
          "group": "p-xs-auto mrg-lg-b-xl mrg-b-md"
        }
      }
    },
    "header-with-button": {
      "type": "object",
      "widget": {
        "name": "container",
        "options": {
          "label": "Страны"
        },
        "class": {
          "group": "p-grid mrg-b-lg mrg-t-0",
          "label": "h1 p-xs-12 p-xl-9 pdd-tb-0",
          "value": "p-xs-12 p-xl-3 pdd-tb-0 p-jc-xl-end p-as-center p-autolayout"
        }
      }
    },
    "search": {
      "model": "#search",
      "type": "object",
      "widget": {
        "name": "container",
        "class": {
          "group": "mrg-b-md search-with-filters",
          "value": "p-autolayout"
        }
      },
      "properties": {
        "search": {
          "type": "string",
          "widget": {
            "name": "input-group-button",
            "options": {
              "placeholder": "Введите ключевое слово",
              "actionButtonIconMobile": "icon-search",
              "actionButtonLabel": "Найти",
              "enableClearButton": false
            },
            "events": {
              "actionButtonClick": {
                "$if": {
                  "condition": {
                    "$validate": {
                      "path": "/"
                    }
                  },
                  "then": {
                    "$grid": {
                      "action": "lazyLoad",
                      "path": "#data",
                      "filters": {
                        "$var": {
                          "path": "#search"
                        }
                      }
                    }
                  },
                  "else": {}
                }
              },
              "keypress-13": {
                "$if": {
                  "condition": {
                    "$validate": {
                      "path": "/"
                    }
                  },
                  "then": {
                    "$grid": {
                      "action": "lazyLoad",
                      "path": "#data",
                      "filters": {
                        "$var": {
                          "path": "#search"
                        }
                      }
                    }
                  },
                  "else": {}
                }
              }
            },
            "class": {
              "group": "form-item form-item_last height-fit-content flex-1 d-xs-none d-xl-flex",
              "value": "form-item-element"
            }
          }
        }
      }
    },
    "table": {
      "value": {
        "$api-table-workflow-data": {
          "model": "#data",
          "query": "nsi_oksm/list",
          "variables": {
            "$graphql-event-variables": {
              "data": {
                "$element-event": {
                  "event": "lazyLoad"
                }
              }
            }
          },
          "errors": {
            "default": {
              "$message": {
                "severity": "error",
                "summary": "Ошибка",
                "detail": "При загрузке данных произошла ошибка, повторите попытку позднее"
              }
            }
          }
        }
      },
      "type": "array",
      "model": "#data",
      "widget": {
        "name": "table-lazy",
        "paginatorLeft": {
          "type": "string",
          "widget": "info",
          "value": {
            "$grid": {
              "action": "rows-per-page",
              "path": "#data"
            }
          }
        },
        "options": {
          "first": 0,
          "lazy": true,
          "paginator": true,
          "rows": 10,
          "rowsPerPageOptions": [
            10,
            20,
            50
          ],
          "routerOptions": [
            "first",
            "rows"
          ],
          "initialFilters": {
            "$var": {
              "path": "#search"
            }
          },
          "sortField": "countryFullName",
          "sortOrder": 1
        },
        "class": {
          "value": "data-table d-block mrg-b-lg"
        },
        "events": {
          "lazyLoad": {
            "$element-option": {
              "path": "#data",
              "option": "loading",
              "value": true
            }
          }
        },
        "subscriptions": {
          "reload-table": {
            "$element-event": {
              "event": "reload",
              "value": true
            }
          }
        }
      },
      "items": {
        "type": "object",
        "properties": {
          "code": {
            "type": "string",
            "widget": {
              "name": "table-column",
              "options": {
                "label": "Код",
                "sortable": "countryCode"
              }
            }
          },
          "fullName": {
            "type": "string",
            "widget": {
              "name": "table-column",
              "options": {
                "label": "Наименование",
                "sortable": "countryFullName"
              }
            }
          }
        }
      }
    }
  }
}
