{
  "version": 2,
  "objectType": "industry",
  "context": "industry/context",
  "description": "Жизненный цикл отрасли",
  "rbac": {
    "visible": true,
    "title": "Отрасли"
  },
  "actions": {
    "initialActions": {
      "add": {
        "title": "Создать",
        "grants": {
          "rbac": {
            "enabled": true,
            "visible": true,
            "title": "Добавить отрасль"
          }
        },
        "views": {
          "gui": {
            "path": "industry/add",
            "mode": "popup",
            "layout": "cabinet"
          },
          "availableQueriesInViews": [
            "industry/name_exists"
          ]
        },
        "functions": [
          {
            "$workflow-object-create": {
              "objectType": "industry",
              "query": "industry/create",
              "variables": {
                "data": {
                  "$from-context": {
                    "path": "data"
                  }
                }
              }
            }
          }
        ],
        "results": {
          "unconditional": "active"
        }
      }
    },
    "globalActions": {
      "list": {
        "title": "Реестр отраслей",
        "grants": {
          "rbac": {
            "enabled": true,
            "visible": true,
            "title": "Просмотреть справочник отраслей"
          }
        },
        "views": {
          "gui": {
            "path": "industry/list",
            "mode": "form",
            "layout": "cabinet"
          },
          "availableQueriesInViews": [
            "industry/list"
          ]
        }
      }
    },
    "statesActions": {
      "delete": {
        "title": "Удалить",
        "grants": {
          "rbac": {
            "enabled": true,
            "visible": true,
            "title": "Удалить отрасль"
          }
        },
        "views": {
          "gui": {
            "path": "industry/delete",
            "mode": "popup",
            "layout": "cabinet"
          },
          "availableQueriesInViews": [
            "industry/get"
          ]
        },
        "results": {
          "unconditional": "deleted"
        }
      },
      "edit": {
        "title": "Редактировать",
        "grants": {
          "rbac": {
            "enabled": true,
            "visible": true,
            "title": "Редактировать отрасль"
          }
        },
        "views": {
          "gui": {
            "path": "industry/edit",
            "mode": "popup",
            "layout": "cabinet"
          },
          "availableQueriesInViews": [
            "industry/get"
          ]
        },
        "functions": [
          {
            "$api-data-query": {
              "query": "industry/update",
              "variables": {
                "data": {
                  "$from-context": {
                    "path": "data"
                  }
                },
                "id": {
                  "$from-context": {
                    "path": "objectId"
                  }
                }
              },
              "responsePath": "object"
            }
          }
        ]
      }
    }
  },
  "states": {
    "active": {
      "title": "Активна",
      "description": "Активное состояние отрасли",
      "statesActions": [
        "edit",
        "delete"
      ]
    },
    "deleted": {
      "title": "Удалена",
      "description": "Удаленное состояние отрасли",
      "displaySettingsInLists": {
        "hidden": true
      },
      "finish": true
    }
  }
}
