{
  "@title": "Изменение моего пароля",
  "type": "object",
  "widget": {
    "name": "container"
  },
  "properties": {
    "breadcrumbs": {
      "type": "object",
      "widget": {
        "name": "breadcrumb",
        "mobileItems": [
          {
            "label": "Мой профиль",
            "routerLink": "/cabinet/user/my-profile"
          }
        ],
        "items": [
          {
            "label": "Главная",
            "routerLink": "/cabinet/event/list"
          },
          {
            "label": "Мой профиль",
            "routerLink": "/cabinet/user/my-profile"
          },
          {
            "label": "Изменение пароля"
          }
        ],
        "kind": "breadcrumb-breadcrumbs-container-style"
      }
    },
    "form": {
      "type": "object",
      "model": "#data",
      "widget": {
        "name": "form",
        "options": {
          "label": "Изменение пароля"
        },
        "kind": "form-form-group-with-h1-style"
      },
      "properties": {
        "password": {
          "type": "string",
          "widget": {
            "name": "password",
            "options": {
              "feedback": false,
              "label": "Пароль"
            },
            "class": {
              "group": "form-item p-field p-grid p-fluid",
              "label": "form-label form-label_required p-xs-12 p-md-4 p-xl-3",
              "value": "form-item-element p-xs-6 p-md-6 p-xl-6"
            },
            "events": {
              "change": "$ref:operation-frontend:snippets/validation/validators/validate_touched_with_errors@@#passwordReplay"
            }
          },
          "validation": [
            {
              "type": "schema",
              "params": {
                "rule": {
                  "$not-empty": {
                    "data": {
                      "$var": {
                        "path": "."
                      }
                    }
                  }
                },
                "message": "Обязательно для заполнения"
              },
              "events": [
                "onBackend",
                "onUpdate"
              ]
            },
            {
              "type": "schema",
              "params": {
                "rule": {
                  "$if": {
                    "condition": {
                      "$not-empty": {
                        "data": {
                          "$var": {
                            "path": "."
                          }
                        }
                      }
                    },
                    "then": {
                      "$and": {
                        "operands": [
                          {
                            ">=": {
                              "operand1": {
                                "$length": {
                                  "data": {
                                    "$var": {
                                      "path": "."
                                    }
                                  }
                                }
                              },
                              "operand2": 8
                            }
                          },
                          {
                            "<=": {
                              "operand1": {
                                "$length": {
                                  "data": {
                                    "$var": {
                                      "path": "."
                                    }
                                  }
                                }
                              },
                              "operand2": 32
                            }
                          }
                        ]
                      }
                    },
                    "else": true
                  }
                },
                "message": "Пароль должен содержать от 8 до 32 символов"
              },
              "events": [
                "onBackend",
                "onUpdate"
              ]
            },
            {
              "type": "schema",
              "params": {
                "rule": {
                  "$if": {
                    "condition": {
                      "$and": {
                        "operands": [
                          {
                            "$not-empty": {
                              "data": {
                                "$var": {
                                  "path": "."
                                }
                              }
                            }
                          },
                          {
                            ">=": {
                              "operand1": {
                                "$length": {
                                  "data": {
                                    "$var": {
                                      "path": "."
                                    }
                                  }
                                }
                              },
                              "operand2": 8
                            }
                          },
                          {
                            "<=": {
                              "operand1": {
                                "$length": {
                                  "data": {
                                    "$var": {
                                      "path": "."
                                    }
                                  }
                                }
                              },
                              "operand2": 32
                            }
                          }
                        ]
                      }
                    },
                    "then": {
                      "$not-empty": {
                        "data": {
                          "$match": {
                            "pattern": "^(?=.*[0-9])(?=.*[a-z])(?=.*[A-Z])(?=.*[!@#$%^&*()\\-_+=;:,./?\\|`~\\[\\]{}^'\"<>~])(?!.*[\\sа-яА-Я])",
                            "data": {
                              "$var": {
                                "path": "."
                              }
                            }
                          }
                        }
                      }
                    },
                    "else": true
                  }
                },
                "message": "Пароль должен содержать хотя бы одну: заглавную букву (A-Z), строчную букву (a-z), цифру (0-9) и хотя бы один спец.символ ( ! @ # $ % ^ & * ( ) - _ + = ; : , . / ? \\ | ` ~ [ ] { } ^ ' \" < > ~)"
              },
              "events": [
                "onBackend",
                "onUpdate"
              ]
            }
          ]
        },
        "passwordReplay": {
          "type": "string",
          "model": "#passwordReplay",
          "widget": {
            "name": "password",
            "options": {
              "feedback": false,
              "label": "Повторите пароль"
            },
            "class": {
              "group": "form-item p-field p-grid p-fluid",
              "label": "form-label form-label_required p-xs-12 p-md-4 p-xl-3",
              "value": "form-item-element p-xs-6 p-md-6 p-xl-6"
            }
          },
          "validation": [
            {
              "type": "schema",
              "params": {
                "rule": {
                  "===": {
                    "operand1": {
                      "$var": {
                        "path": "."
                      }
                    },
                    "operand2": {
                      "$var": {
                        "path": "#data.password"
                      }
                    }
                  }
                },
                "message": "Введённые пароли не совпадают"
              },
              "events": [
                "onUpdate"
              ]
            },
            {
              "type": "schema",
              "params": {
                "rule": {
                  "$not-empty": {
                    "data": {
                      "$var": {
                        "path": "."
                      }
                    }
                  }
                },
                "message": "Обязательно для заполнения"
              },
              "events": [
                "onUpdate"
              ]
            }
          ]
        },
        "actions": {
          "type": "object",
          "widget": {
            "name": "container",
            "class": {
              "group": "form-actions p-field p-grid mrg-t-lg",
              "value": "p-jc-xl-end p-autolayout"
            }
          },
          "properties": {
            "save": {
              "widget": {
                "name": "submit-button",
                "options": {
                  "label": "Сохранить",
                  "clientValidation": true,
                  "dataForClientValidation": "/",
                  "showClientValidationErrorsForElement": "form",
                  "showClientValidationErrorMessage": true,
                  "clientValidationErrorMessageSummary": "Ошибка",
                  "clientValidationErrorMessageDetail": "Одно или несколько полей заполнены некорректно",
                  "workflowAction": "user.profile-password",
                  "workflowObjectId": {
                    "$active-user": {
                      "field": "_id"
                    }
                  },
                  "dataForSubmit": {
                    "$var": {
                      "path": "#data"
                    }
                  },
                  "showSuccessMessage": true,
                  "successMessageSummary": "Изменение пароля",
                  "successMessageDetail": "Пароль успешно изменен",
                  "urlInCaseOfSuccess": "/cabinet/user/my-profile",
                  "showServerValidationErrorMessage": true,
                  "serverValidationErrorMessageSummary": "Изменение пароля",
                  "serverValidationErrorMessageDetail": "Форма содержит ошибки",
                  "showOtherErrorMessageSummary": true,
                  "otherErrorMessageSummary": "Изменение пароля",
                  "otherErrorMessageDetail": "Непредвиденная ошибка",
                  "reloadTable": true,
                  "closePopup": false
                },
                "class": {
                  "value": "mrg-r-sm"
                }
              }
            },
            "cancel": {
              "widget": {
                "name": "button",
                "options": {
                  "label": "Отмена"
                },
                "events": {
                  "click": {
                    "$go": {
                      "workflow": "user",
                      "action": "my-profile"
                    }
                  }
                },
                "kind": "button-btn-outline-last-style"
              }
            }
          }
        }
      }
    }
  }
}
