{
  "@title": "Редактирование отрасли",
  "@preload": {
    "$from-context": {
      "path": "$response.body.data.items.0",
      "data": {
        "$api-data": {
          "id": {
            "$query-params": {
              "name": "id"
            }
          },
          "options": {
            "observe": "response"
          },
          "variables": {
            "id": {
              "$query-params": {
                "name": "id"
              }
            }
          },
          "query": "industry/get"
        }
      }
    }
  },
  "type": "object",
  "model": "#data",
  "widget": {
    "name": "form"
  },
  "properties": {
    "header": {
      "type": "string",
      "widget": {
        "name": "info",
        "options": {
          "label": "Редактирование отрасли"
        },
        "class": {
          "group": "popup",
          "label": "h1 mrg-b-lg",
          "value": "form-group_popup-collapse"
        }
      }
    },
    "name": {
      "type": "string",
      "value": {
        "$from-context": {
          "path": "@preload.name"
        }
      },
      "widget": {
        "name": "input",
        "options": {
          "label": "Наименование отрасли"
        },
        "class": {
          "group": "p-field p-grid p-fluid mrg-b-lg",
          "label": "form-label form-label_required form-label_top p-col-12",
          "value": "form-item-element p-col-12"
        }
      },
      "validation": [
        {
          "type": "schema",
          "params": {
            "rule": {
              "$not-empty": {
                "data": {
                  "$var": {
                    "path": "."
                  }
                }
              }
            },
            "message": "Поле обязательно для заполнения"
          },
          "events": [
            "onBackend",
            "onUpdate"
          ]
        },
        {
          "type": "schema",
          "params": {
            "rule": {
              "===": {
                "operand1": 0,
                "operand2": {
                  "$fetch-object": {
                    "path": "data.count",
                    "data": {
                      "$api-data": {
                        "id": {
                          "$query-params": {
                            "name": "id"
                          }
                        },
                        "query": "industry/name_exists",
                        "variables": {
                          "name": {
                            "$var": {
                              "path": "."
                            }
                          },
                          "except": {
                            "$query-params": {
                              "name": "id"
                            }
                          }
                        }
                      }
                    }
                  }
                }
              }
            },
            "message": "Данное наименование уже используется для другой отрасли"
          },
          "events": [
            "onBackend"
          ]
        }
      ]
    },
    "actions": {
      "type": "object",
      "widget": {
        "name": "container",
        "class": {
          "group": "form-actions p-field p-grid mrg-t-lg",
          "value": "p-jc-xs-end p-autolayout"
        }
      },
      "properties": {
        "save": {
          "widget": {
            "name": "submit-button",
            "options": {
              "label": "Сохранить",
              "clientValidation": true,
              "dataForClientValidation": "/",
              "showClientValidationErrorsForElement": "form",
              "showClientValidationErrorMessage": true,
              "clientValidationErrorMessageSummary": "Ошибка",
              "clientValidationErrorMessageDetail": "Одно или несколько полей заполнены некорректно",
              "workflowAction": "industry.edit",
              "workflowObjectId": {
                "$query-params": {
                  "name": "id"
                }
              },
              "dataForSubmit": {
                "$filter-empty": {
                  "data": {
                    "$var": {
                      "path": "#data"
                    }
                  },
                  "mode": "clear"
                }
              },
              "showSuccessMessage": true,
              "successMessageSummary": "Редактирование отрасли",
              "successMessageDetail": "Отрасль успешно изменена",
              "urlInCaseOfSuccess": "/cabinet/industry/list",
              "showServerValidationErrorMessage": true,
              "serverValidationErrorMessageSummary": "Редактирование отрасли",
              "serverValidationErrorMessageDetail": "Форма содержит ошибки",
              "showOtherErrorMessageSummary": true,
              "otherErrorMessageSummary": "Редактирование отрасли",
              "otherErrorMessageDetail": "Непредвиденная ошибка",
              "reloadTable": true,
              "closePopup": true
            },
            "class": {
              "value": "mrg-r-sm"
            }
          }
        },
        "cancel": {
          "widget": {
            "name": "button",
            "options": {
              "label": "Отмена"
            },
            "events": {
              "click": {
                "$go": {
                  "workflow": "industry",
                  "action": "list"
                }
              }
            },
            "class": {
              "value": "button_outline mrg-r-0 mrg-b-0"
            }
          }
        }
      }
    }
  }
}
