{
  "@title": "Подтверждение переноса помещения в архив",
  "@preload": {
    "room": {
      "$from-context": {
        "path": "$response.body.data.object.0",
        "data": {
          "$api-data": {
            "query": "room/get_name",
            "id": {
              "$query-params": {
                "name": "id"
              }
            },
            "options": {
              "observe": "response"
            },
            "variables": {
              "id": {
                "$query-params": {
                  "name": "id"
                }
              }
            }
          }
        }
      }
    },
    "booking": {
      "$array-filter": {
        "array": {
          "$from-context": {
            "path": "$response.body.data.items",
            "data": {
              "$api-data": {
                "query": "booking/get_to_check",
                "id": {
                  "$query-params": {
                    "name": "id"
                  }
                },
                "options": {
                  "observe": "response"
                },
                "variables": {
                  "dateNow": {
                    "$datetime-now": {}
                  }
                },
                "errors": {
                  "default": {
                    "$message": {
                      "severity": "error",
                      "summary": "Ошибка",
                      "detail": "При загрузке данных произошла ошибка, повторите попытку позднее"
                    }
                  }
                }
              }
            }
          }
        },
        "filter": {
          "$in": {
            "value": {
              "$query-params": {
                "name": "id"
              }
            },
            "array": {
              "$array-pluck": {
                "array": {
                  "$from-context": {
                    "path": "$data.rooms"
                  }
                },
                "key": "roomId"
              }
            }
          }
        }
      }
    }
  },
  "type": "object",
  "widget": {
    "name": "container"
  },
  "model": "/",
  "properties": {
    "booking": {
      "type": "object",
      "model": "#modalBooking",
      "widget": {
        "name": "form",
        "options": {
          "visible": {
            "$if": {
              "condition": {
                "$empty": {
                  "data": {
                    "$from-context": {
                      "path": "@preload.booking"
                    }
                  }
                }
              },
              "then": false,
              "else": true
            }
          }
        }
      },
      "properties": {
        "content": {
          "type": "object",
          "widget": {
            "name": "container"
          },
          "properties": {
            "header": {
              "type": "string",
              "widget": {
                "name": "container",
                "options": {
                  "label": "Перенос в архив"
                },
                "kind": "container-popup-with-h1-no-form-collapsed-style"
              }
            },
            "beforeTable": {
              "type": "string",
              "widget": {
                "name": "info",
                "options": {
                  "viewedValue": {
                    "$replace": {
                      "template": "Помещение \"{{room}}\" невозможно перенести в архив по причине наличия запланированных в помещении мероприятий:",
                      "data": {
                        "room": {
                          "$from-context": {
                            "path": "@preload.room.name"
                          }
                        }
                      }
                    }
                  }
                },
                "class": {
                  "value": "mrg-b-md"
                }
              }
            },
            "table": {
              "value": {
                "$from-context": {
                  "path": "@preload.booking"
                }
              },
              "type": "array",
              "model": "#booking",
              "widget": {
                "name": "table",
                "options": {
                  "first": 0,
                  "paginator": true,
                  "rows": 5,
                  "rowsPerPageOptions": [
                    5,
                    10,
                    20
                  ],
                  "routerOptions": [
                    "first",
                    "rows"
                  ],
                  "sortField": "name",
                  "sortOrder": 1
                },
                "class": {
                  "value": "data-table d-block mrg-b-s"
                },
                "events": {},
                "subscriptions": {}
              },
              "items": {
                "type": "object",
                "properties": {
                  "number": {
                    "type": "number",
                    "widget": {
                      "name": "table-column",
                      "options": {
                        "label": "№",
                        "viewedValue": {
                          "$collection": {
                            "action": "row-number"
                          }
                        }
                      },
                      "class": {
                        "header": "column_actions",
                        "cell": "column_actions"
                      }
                    }
                  },
                  "event": {
                    "type": "object",
                    "widget": {
                      "name": "table-column",
                      "options": {
                        "visible": false
                      }
                    },
                    "properties": {
                      "name": {
                        "type": "string",
                        "widget": {
                          "name": "hidden"
                        }
                      },
                      "state": {
                        "type": "string",
                        "widget": {
                          "name": "hidden"
                        }
                      }
                    }
                  },
                  "eventView": {
                    "type": "object",
                    "widget": {
                      "name": "table-column",
                      "options": {
                        "label": "Мероприятие",
                        "visible": true
                      }
                    },
                    "properties": {
                      "name": {
                        "type": "string",
                        "widget": {
                          "name": "info",
                          "options": {
                            "viewedValue": {
                              "$from-context": {
                                "path": "$rowData.event.name"
                              }
                            }
                          }
                        }
                      }
                    }
                  },
                  "bookingView": {
                    "type": "string",
                    "widget": {
                      "name": "table-column",
                      "options": {
                        "label": "Даты брони помещения",
                        "visible": true
                      },
                      "class": {
                        "header": "column_actions",
                        "cell": "column_actions"
                      }
                    },
                    "value": {
                      "$replace": {
                        "template": "{{start}} - {{end}}",
                        "data": {
                          "start": {
                            "$formatter": {
                              "format": "datetime:\"DD.MM.YYYY HH:mm\"",
                              "data": {
                                "$from-context": {
                                  "path": "$rowData.minDate"
                                }
                              }
                            }
                          },
                          "end": {
                            "$formatter": {
                              "format": "datetime:\"DD.MM.YYYY HH:mm\"",
                              "data": {
                                "$from-context": {
                                  "path": "$rowData.maxDate"
                                }
                              }
                            }
                          }
                        }
                      }
                    }
                  },
                  "status": {
                    "type": "object",
                    "widget": {
                      "name": "table-column",
                      "options": {
                        "label": "Статус мероприятия"
                      }
                    },
                    "properties": {
                      "stateView": {
                        "type": "string",
                        "value": {
                          "$from-context": {
                            "path": "$rowData.event.state"
                          }
                        },
                        "widget": {
                          "name": "badge",
                          "options": {
                            "defaultLabel": "",
                            "displayMapping": [
                              {
                                "color": "badge_default",
                                "label": "Предварительная бронь",
                                "value": "pre_booking"
                              },
                              {
                                "color": "badge_warning",
                                "label": "Получен запрос",
                                "value": "requested"
                              },
                              {
                                "color": "badge_custom_orange",
                                "label": "Получено ТЗ",
                                "value": "task_received"
                              },
                              {
                                "color": "badge_active",
                                "label": "Согласована смета",
                                "value": "agreed"
                              },
                              {
                                "color": "badge_accent",
                                "label": "Пройден check-in",
                                "value": "check_in"
                              },
                              {
                                "color": "badge_canceled",
                                "label": "Пройден check-out",
                                "value": "check_out"
                              }
                            ]
                          }
                        }
                      }
                    }
                  }
                }
              }
            },
            "actions": {
              "type": "object",
              "widget": {
                "name": "container",
                "class": {
                  "group": "form-actions p-field p-grid mrg-t-lg",
                  "value": "p-jc-xs-end p-autolayout"
                }
              },
              "properties": {
                "event": {
                  "widget": {
                    "name": "button",
                    "options": {
                      "label": "К списку мероприятий"
                    },
                    "events": {
                      "click": {
                        "$go": {
                          "workflow": "event",
                          "action": "list"
                        }
                      }
                    },
                    "class": {
                      "value": "mrg-r-sm"
                    }
                  }
                },
                "cancel": {
                  "widget": {
                    "name": "button",
                    "options": {
                      "label": "Отмена"
                    },
                    "events": {
                      "click": {
                        "$go": {
                          "workflow": "room",
                          "action": "list"
                        }
                      }
                    },
                    "class": {
                      "group": "form-item pdd-b-0 p-xs-6 p-md-3 p-xl-2 p-d-flex p-ai-end",
                      "value": "button_outline "
                    }
                  }
                }
              }
            }
          }
        }
      }
    },
    "form": {
      "type": "object",
      "model": "#data",
      "widget": {
        "name": "form",
        "options": {
          "label": "Подтверждение переноса в архив",
          "visible": {
            "$if": {
              "condition": {
                "$empty": {
                  "data": {
                    "$from-context": {
                      "path": "@preload.booking"
                    }
                  }
                }
              },
              "then": true,
              "else": false
            }
          }
        },
        "kind": "form-popup-with-h1-style"
      },
      "properties": {
        "text": {
          "type": "string",
          "widget": {
            "name": "html",
            "class": {
              "value": "mrg-b-lg"
            }
          },
          "value": {
            "$replace": {
              "template": "<p>Помещение \"{{0}}\" будет перенесено в архив и станет недоступно для бронирования. Продолжить?</p>",
              "data": [
                {
                  "$from-context": {
                    "path": "@preload.room.name"
                  }
                }
              ]
            }
          }
        },
        "actions": {
          "type": "object",
          "widget": {
            "name": "container",
            "class": {
              "group": "form-actions p-field p-grid mrg-t-lg",
              "value": "p-jc-xs-end p-autolayout"
            }
          },
          "properties": {
            "archive": {
              "widget": {
                "name": "submit-button",
                "options": {
                  "label": "Перенести",
                  "clientValidation": true,
                  "dataForClientValidation": "/",
                  "showClientValidationErrorsForElement": "form",
                  "showClientValidationErrorMessage": true,
                  "clientValidationErrorMessageSummary": "Ошибка",
                  "clientValidationErrorMessageDetail": "Одно или несколько полей заполнены некорректно",
                  "workflowAction": "room.archive",
                  "workflowObjectId": {
                    "$query-params": {
                      "name": "id"
                    }
                  },
                  "dataForSubmit": {
                    "$var": {
                      "path": "#data"
                    }
                  },
                  "showSuccessMessage": true,
                  "successMessageSummary": "Перенос помещения в архив",
                  "successMessageDetail": "Помещение успешно перенесено в архив",
                  "urlInCaseOfSuccess": "/cabinet/room/list",
                  "showServerValidationErrorMessage": true,
                  "serverValidationErrorMessageSummary": "Перенос помещения в архив",
                  "serverValidationErrorMessageDetail": "Форма содержит ошибки",
                  "showOtherErrorMessageSummary": true,
                  "otherErrorMessageSummary": "Перенос помещения в архив",
                  "otherErrorMessageDetail": "Непредвиденная ошибка",
                  "reloadTable": true,
                  "closePopup": false
                },
                "class": {
                  "value": "mrg-r-sm"
                }
              }
            },
            "cancel": {
              "widget": {
                "name": "button",
                "options": {
                  "label": "Отмена"
                },
                "events": {
                  "click": {
                    "$close-popup": null
                  }
                },
                "kind": "button-btn-outline-last-style"
              }
            }
          }
        }
      }
    }
  }
}
