{
  "@title": "Реестр организаций",
  "type": "object",
  "widget": "container",
  "model": "/",
  "properties": {
    "breadcrumbs": {
      "type": "object",
      "widget": {
        "name": "breadcrumb",
        "mobileItems": [
          {
            "label": "Главная",
            "routerLink": "/cabinet/event/list"
          }
        ],
        "items": [
          {
            "label": "Главная",
            "routerLink": "/cabinet/event/list"
          },
          {
            "label": "Реестр организаций"
          }
        ],
        "class": {
          "group": "p-xs-auto mrg-lg-b-xl mrg-b-md"
        }
      }
    },
    "header-with-button": {
      "type": "object",
      "widget": {
        "name": "container",
        "options": {
          "label": "Реестр организаций"
        },
        "class": {
          "group": "p-grid mrg-b-lg mrg-t-0",
          "label": "h1 p-xs-12 p-xl-9 pdd-tb-0",
          "value": "p-xs-12 p-xl-3 pdd-tb-0 p-jc-xl-end p-as-center p-autolayout"
        }
      },
      "properties": {
        "button": {
          "type": "string",
          "widget": {
            "name": "button",
            "options": {
              "icon": "icon-plus",
              "label": "Добавить организацию",
              "visible": {
                "$api-workflow-check-action": {
                  "workflow": "organization",
                  "action": "add"
                }
              }
            },
            "events": {
              "click": {
                "$go": {
                  "workflow": "organization",
                  "action": "add"
                }
              }
            },
            "class": {
              "value": "button_primary button_narrow button_h1"
            }
          }
        }
      }
    },
    "search_with_mobile_filters": {
      "type": "object",
      "widget": {
        "name": "container",
        "class": {
          "group": "mrg-b-md search-with-filters",
          "value": "p-autolayout"
        }
      },
      "properties": {
        "search": {
          "model": "#search",
          "type": "string",
          "widget": {
            "name": "input-group-button",
            "options": {
              "placeholder": "Введите ключевое слово",
              "actionButtonIconMobile": "icon-search",
              "actionButtonLabel": "Найти",
              "enableClearButton": false
            },
            "events": {
              "actionButtonClick": {
                "$if": {
                  "condition": {
                    "$validate": {
                      "path": "/"
                    }
                  },
                  "then": {
                    "$grid": {
                      "action": "lazyLoad",
                      "path": "#data",
                      "filters": {
                        "$assign-object": {
                          "object": {
                            "$var": {
                              "path": "#desktop-filter"
                            }
                          },
                          "data": {
                            "$var": {
                              "path": "#search"
                            }
                          },
                          "path": "search"
                        }
                      }
                    }
                  },
                  "else": {}
                }
              },
              "keypress-13": {
                "$if": {
                  "condition": {
                    "$validate": {
                      "path": "/"
                    }
                  },
                  "then": {
                    "$grid": {
                      "action": "lazyLoad",
                      "path": "#data",
                      "filters": {
                        "$assign-object": {
                          "object": {
                            "$var": {
                              "path": "#desktop-filter"
                            }
                          },
                          "data": {
                            "$var": {
                              "path": "#search"
                            }
                          },
                          "path": "search"
                        }
                      }
                    }
                  },
                  "else": {}
                }
              }
            },
            "class": {
              "group": "form-item form-item_last height-fit-content flex-1 d-xl-flex",
              "value": "form-item-element"
            }
          }
        },
        "filters-button-mobile": {
          "widget": {
            "name": "button",
            "options": {
              "icon": "icon-filters",
              "visible": {
                "$is-between": {
                  "value": {
                    "$to-pixel": {
                      "value": {
                        "$get-window-breakpoint": {
                          "subscriptionMode": true
                        }
                      }
                    }
                  },
                  "upper_value": {
                    "$to-pixel": {
                      "value": "xl"
                    }
                  }
                }
              }
            },
            "events": {
              "click": {
                "$element-option": {
                  "option": "visible",
                  "path": "#modalMobileSearch",
                  "value": true
                }
              }
            },
            "class": {
              "group": "mrg-l-xs",
              "value": "button_icon button_icon-shaded p-fluid w-48"
            }
          }
        }
      }
    },
    "table": {
      "value": {
        "$api-table-workflow-data": {
          "model": "#data",
          "query": "organization/list",
          "withState": true,
          "variables": {
            "$graphql-event-variables": {
              "data": {
                "$element-event": {
                  "event": "lazyLoad"
                }
              }
            }
          },
          "errors": {
            "default": {
              "$message": {
                "severity": "error",
                "summary": "Ошибка",
                "detail": "При загрузке данных произошла ошибка, повторите попытку позднее"
              }
            }
          }
        }
      },
      "type": "array",
      "model": "#data",
      "widget": {
        "name": "table-lazy",
        "paginatorLeft": {
          "type": "string",
          "widget": "info",
          "value": {
            "$grid": {
              "action": "rows-per-page",
              "path": "#data"
            }
          }
        },
        "options": {
          "first": 0,
          "lazy": true,
          "paginator": true,
          "rows": 10,
          "rowsPerPageOptions": [
            10,
            20,
            50
          ],
          "routerOptions": [
            "first",
            "rows"
          ],
          "initialFilters": {
            "$var": {
              "path": "#desktop-filter"
            }
          },
          "sortField": "shortName",
          "sortOrder": 1
        },
        "class": {
          "group": "p-xxl-9 p-xs-12"
        },
        "events": {
          "lazyLoad": {
            "$element-option": {
              "path": "#data",
              "option": "loading",
              "value": true
            }
          }
        },
        "subscriptions": {
          "reload-table": {
            "$element-event": {
              "event": "reload",
              "value": true
            }
          }
        }
      },
      "items": {
        "type": "object",
        "properties": {
          "id": {
            "type": "string",
            "widget": {
              "name": "table-column",
              "options": {
                "visible": false
              }
            }
          },
          "shortName": {
            "type": "string",
            "widget": {
              "name": "table-column",
              "options": {
                "label": "Наименование организации",
                "sortable": true
              }
            }
          },
          "inn": {
            "type": "string",
            "widget": {
              "name": "table-column",
              "options": {
                "label": "ИНН / Аналог"
              }
            }
          },
          "kpp": {
            "type": "string",
            "widget": {
              "name": "table-column",
              "options": {
                "label": "КПП"
              }
            }
          },
          "ogrn": {
            "type": "string",
            "widget": {
              "name": "table-column",
              "options": {
                "label": "ОГРН / ОГРНИП"
              }
            }
          },
          "createdAt": {
            "type": "date",
            "widget": {
              "name": "table-column",
              "options": {
                "label": "Добавлена в систему",
                "sortable": true,
                "formatter": "datetime:\"DD.MM.YYYY HH:mm\""
              }
            }
          },
          "state": {
            "type": "string",
            "widget": {
              "name": "table-column",
              "options": {
                "visible": false
              }
            }
          },
          "statusName": {
            "type": "object",
            "widget": {
              "name": "table-column",
              "options": {
                "label": "Статус"
              }
            },
            "properties": {
              "state": {
                "type": "string",
                "value": {
                  "$replace": {
                    "template": "<span class=\"badge badge_{{colorCode}}\">{{name}}</span>{{additionalInfo}}",
                    "data": {
                      "colorCode": {
                        "$switch": {
                          "condition": {
                            "$subs": {
                              "path": "#data[].state"
                            }
                          },
                          "default": "",
                          "cases": [
                            {
                              "value": "await_email_confirmation",
                              "action": "draft"
                            },
                            {
                              "value": "blocked",
                              "action": "blocked"
                            },
                            {
                              "value": "active",
                              "action": "active"
                            }
                          ]
                        }
                      },
                      "name": {
                        "$switch": {
                          "condition": {
                            "$subs": {
                              "path": "#data[].state"
                            }
                          },
                          "default": "",
                          "cases": [
                            {
                              "value": "await_email_confirmation",
                              "action": "Ожидает подтверждения e-mail"
                            },
                            {
                              "value": "blocked",
                              "action": "Заблокирован"
                            },
                            {
                              "value": "active",
                              "action": "Активен"
                            }
                          ]
                        }
                      },
                      "additionalInfo": {
                        "$if": {
                          "condition": {
                            "===": {
                              "operand1": {
                                "$from-context": {
                                  "path": "$rowData.state"
                                }
                              },
                              "operand2": "blocked"
                            }
                          },
                          "then": {
                            "$replace": {
                              "template": "<div class=\"text-secondary mrg-t-xs\"><b>Причина:</b><br/>{{statusReason}}</div>",
                              "data": {
                                "statusReason": {
                                  "$encode-tag": {
                                    "string": {
                                      "$from-context": {
                                        "path": "$rowData.blockReason.reason"
                                      }
                                    }
                                  }
                                }
                              }
                            }
                          },
                          "else": ""
                        }
                      }
                    }
                  }
                },
                "widget": {
                  "name": "html",
                  "class": {
                    "value": "p-flex-column p-ai-start"
                  }
                }
              }
            }
          },
          "actions_column": {
            "type": "object",
            "widget": {
              "name": "table-column",
              "options": {
                "label": "Действия"
              },
              "class": {
                "cell": "column_actions"
              }
            },
            "properties": {
              "actions": {
                "type": "array",
                "model": "actions",
                "widget": {
                  "name": "actions-button",
                  "items": {
                    "$subs": {
                      "path": "#data[].actions"
                    }
                  }
                },
                "items": {
                  "type": "action",
                  "properties": {
                    "id": {
                      "type": "string",
                      "widget": "hidden"
                    },
                    "title": {
                      "type": "string",
                      "widget": "hidden"
                    },
                    "icon": {
                      "type": "string",
                      "widget": "hidden"
                    },
                    "url": {
                      "type": "string",
                      "widget": "hidden"
                    },
                    "routerLink": {
                      "type": "string",
                      "widget": "hidden"
                    },
                    "popup": {
                      "type": "string",
                      "widget": "hidden"
                    },
                    "hidden": {
                      "type": "string",
                      "widget": "hidden"
                    }
                  }
                }
              }
            }
          }
        }
      }
    },
    "desktop-filter": {
      "type": "object",
      "model": "#desktop-filter",
      "widget": {
        "name": "container",
        "options": {
          "visible": {
            "$is-between": {
              "value": {
                "$to-pixel": {
                  "value": {
                    "$get-window-breakpoint": {
                      "subscriptionMode": true
                    }
                  }
                }
              },
              "lower_value": {
                "$to-pixel": {
                  "value": "xxl"
                }
              }
            }
          }
        },
        "class": {
          "group": "p-xxl-3 filters-block d-xxl-flex d-none",
          "value": "filters-block_wrapper d-block"
        }
      },
      "properties": {
        "header": {
          "model": false,
          "type": "object",
          "widget": {
            "name": "container",
            "class": {
              "value": "p-autolayout p-jc-between p-ai-center"
            }
          },
          "properties": {
            "label": {
              "model": false,
              "type": "string",
              "widget": {
                "name": "info",
                "options": {
                  "viewedValue": "Фильтр"
                },
                "class": {
                  "value": "h4"
                }
              }
            }
          }
        },
        "content": {
          "model": false,
          "type": "object",
          "widget": {
            "name": "container"
          },
          "properties": {
            "inn": {
              "type": "string",
              "widget": {
                "name": "input",
                "options": {
                  "maxlength": 30,
                  "label": "ИНН / Аналог"
                },
                "kind": "input-search-form-expanded-input-full-line-style"
              }
            },
            "kpp": {
              "type": "string",
              "widget": {
                "name": "input",
                "options": {
                  "maxlength": 30,
                  "label": "КПП"
                },
                "kind": "input-search-form-expanded-input-full-line-style"
              }
            },
            "ogrn": {
              "type": "string",
              "widget": {
                "name": "input",
                "options": {
                  "maxlength": 30,
                  "label": "ОГРН / ОГРНИП"
                },
                "kind": "input-search-form-expanded-input-full-line-style"
              }
            },
            "type": {
              "type": "any",
              "widget": {
                "name": "multiselect",
                "options": {
                  "label": "Тип организации",
                  "valueKey": "code",
                  "optionLabel": "title",
                  "useEllipsisWhenDisplayFieldOverflows": false,
                  "valueOptions": [
                    {
                      "code": "ur",
                      "title": "Юридическое лицо"
                    },
                    {
                      "code": "ip",
                      "title": "Индивидуальный предприниматель"
                    },
                    {
                      "code": "fz",
                      "title": "Физическое лицо"
                    }
                  ]
                },
                "kind": "multiselect-search-form-expanded-input-full-line-style"
              }
            },
            "createdAt": {
              "model": false,
              "type": "object",
              "widget": {
                "name": "container",
                "options": {
                  "label": "Добавлена в систему"
                },
                "kind": "container-search-form-expanded-input-full-style"
              },
              "properties": {
                "createdAtFrom": {
                  "type": "datetime",
                  "widget": {
                    "name": "calendar",
                    "options": {
                      "dataType": "string"
                    },
                    "class": {
                      "group": "form-item-element calendar-range_start p-xs-12 mrg-b-sm"
                    },
                    "kind": "calendar-active-user-timezone-offset"
                  }
                },
                "createdAtTo": {
                  "type": "datetime",
                  "widget": {
                    "name": "calendar",
                    "options": {
                      "dataType": "string"
                    },
                    "class": {
                      "group": "form-item-element calendar-range_end p-xs-12"
                    },
                    "kind": "calendar-active-user-timezone-offset"
                  }
                }
              }
            },
            "state": {
              "type": "any",
              "widget": {
                "name": "multiselect",
                "options": {
                  "label": "Текущий статус",
                  "placeholder": "Выбрать",
                  "useEllipsisWhenDisplayFieldOverflows": false,
                  "filter": true,
                  "showClear": true,
                  "optionLabel": "name",
                  "dataKey": "code",
                  "valueKey": "code",
                  "valueOptions": {
                    "$workflow-states": {
                      "workflow": "organization"
                    }
                  }
                },
                "class": {
                  "group": "form-item pdd-b-0 p-col-12",
                  "label": "form-label form-label_top",
                  "value": "form-item-element"
                }
              }
            }
          }
        },
        "buttons": {
          "type": "object",
          "widget": {
            "name": "container",
            "kind": "container-search-form-panel-buttons-center-style"
          },
          "properties": {
            "search-button": {
              "widget": {
                "name": "button",
                "options": {
                  "label": "Применить"
                },
                "events": {
                  "click": {
                    "$if": {
                      "condition": {
                        "$validate": {
                          "path": "/"
                        }
                      },
                      "then": {
                        "$waterfall": {
                          "arrayFunctions": [
                            {
                              "$populate": {
                                "path": "#mobile-filter",
                                "data": {
                                  "$var": {
                                    "path": "#desktop-filter"
                                  }
                                }
                              }
                            },
                            {
                              "$grid": {
                                "action": "lazyLoad",
                                "path": "#data",
                                "filters": {
                                  "$assign-object": {
                                    "object": {
                                      "$var": {
                                        "path": "#desktop-filter"
                                      }
                                    },
                                    "data": {
                                      "$var": {
                                        "path": "#search"
                                      }
                                    },
                                    "path": "search"
                                  }
                                }
                              }
                            }
                          ]
                        }
                      },
                      "else": {}
                    }
                  }
                }
              }
            },
            "clear-button": {
              "widget": {
                "name": "button",
                "options": {
                  "label": "Сбросить"
                },
                "class": {
                  "value": "button_link"
                },
                "events": {
                  "click": [
                    {
                      "$populate": {
                        "path": "#desktop-filter",
                        "data": {}
                      }
                    },
                    {
                      "$populate": {
                        "path": "#mobile-filter",
                        "data": {}
                      }
                    },
                    {
                      "$grid": {
                        "action": "lazyLoad",
                        "path": "#data",
                        "filters": {
                          "$assign-object": {
                            "object": {
                              "$var": {
                                "path": "#desktop-filter"
                              }
                            },
                            "data": {
                              "$var": {
                                "path": "#search"
                              }
                            },
                            "path": "search"
                          }
                        }
                      }
                    }
                  ]
                }
              }
            }
          }
        }
      }
    },
    "mobile-filter": {
      "type": "object",
      "model": "#modalMobileSearch",
      "widget": {
        "name": "dialog",
        "options": {
          "visible": false,
          "closable": true
        },
        "class": {
          "dialog": "no-radius filters-block-mobile",
          "panel": "dialog-fixed-width"
        }
      },
      "properties": {
        "content": {
          "type": "object",
          "model": "#mobile-filter",
          "bindRouter": false,
          "widget": {
            "name": "container",
            "class": {
              "group": "height-fit-content",
              "value": "filters-block_wrapper"
            }
          },
          "properties": {
            "header": {
              "model": false,
              "type": "object",
              "widget": {
                "name": "container",
                "class": {
                  "value": "p-autolayout p-jc-between p-ai-center"
                }
              },
              "properties": {
                "label": {
                  "model": false,
                  "type": "string",
                  "widget": {
                    "name": "info",
                    "options": {
                      "viewedValue": "Фильтры"
                    },
                    "class": {
                      "value": "h3 mrg-b-lg"
                    }
                  }
                }
              }
            },
            "content": {
              "model": false,
              "type": "object",
              "widget": {
                "name": "container"
              },
              "properties": {
                "inn": {
                  "type": "string",
                  "widget": {
                    "name": "input",
                    "options": {
                      "maxlength": 30,
                      "label": "ИНН / Аналог"
                    },
                    "kind": "input-search-form-expanded-input-full-line-style"
                  }
                },
                "kpp": {
                  "type": "string",
                  "widget": {
                    "name": "input",
                    "options": {
                      "maxlength": 30,
                      "label": "КПП"
                    },
                    "kind": "input-search-form-expanded-input-full-line-style"
                  }
                },
                "ogrn": {
                  "type": "string",
                  "widget": {
                    "name": "input",
                    "options": {
                      "maxlength": 30,
                      "label": "ОГРН / ОГРНИП"
                    },
                    "kind": "input-search-form-expanded-input-full-line-style"
                  }
                },
                "type": {
                  "type": "any",
                  "widget": {
                    "name": "multiselect",
                    "options": {
                      "label": "Тип организации",
                      "valueKey": "code",
                      "optionLabel": "title",
                      "useEllipsisWhenDisplayFieldOverflows": false,
                      "valueOptions": [
                        {
                          "code": "ur",
                          "title": "Юридическое лицо"
                        },
                        {
                          "code": "ip",
                          "title": "Индивидуальный предприниматель"
                        },
                        {
                          "code": "fz",
                          "title": "Физическое лицо"
                        }
                      ]
                    },
                    "kind": "multiselect-search-form-expanded-input-full-line-style"
                  }
                },
                "createdAt": {
                  "model": false,
                  "type": "object",
                  "widget": {
                    "name": "container",
                    "options": {
                      "label": "Добавлена в систему"
                    },
                    "kind": "container-search-form-expanded-input-full-style"
                  },
                  "properties": {
                    "createdAtFrom": {
                      "type": "datetime",
                      "widget": {
                        "name": "calendar",
                        "options": {
                          "dataType": "string"
                        },
                        "class": {
                          "group": "form-item-element calendar-range_start p-xs-12 mrg-b-sm"
                        },
                        "kind": "calendar-active-user-timezone-offset"
                      }
                    },
                    "createdAtTo": {
                      "type": "datetime",
                      "widget": {
                        "name": "calendar",
                        "options": {
                          "dataType": "string"
                        },
                        "class": {
                          "group": "form-item-element calendar-range_end p-xs-12"
                        },
                        "kind": "calendar-active-user-timezone-offset"
                      }
                    }
                  }
                },
                "state": {
                  "type": "any",
                  "widget": {
                    "name": "multiselect",
                    "options": {
                      "label": "Текущий статус",
                      "placeholder": "Выбрать",
                      "useEllipsisWhenDisplayFieldOverflows": false,
                      "filter": true,
                      "showClear": true,
                      "optionLabel": "name",
                      "dataKey": "code",
                      "valueKey": "code",
                      "valueOptions": {
                        "$workflow-states": {
                          "workflow": "organization"
                        }
                      }
                    },
                    "class": {
                      "group": "form-item pdd-b-0 p-col-12",
                      "label": "form-label form-label_top",
                      "value": "form-item-element"
                    }
                  }
                }
              }
            },
            "buttons": {
              "type": "object",
              "widget": {
                "name": "container",
                "kind": "container-search-form-panel-buttons-center-style"
              },
              "properties": {
                "search-button": {
                  "widget": {
                    "name": "button",
                    "options": {
                      "label": "Применить"
                    },
                    "events": {
                      "click": {
                        "$if": {
                          "condition": {
                            "$validate": {
                              "path": "/"
                            }
                          },
                          "then": {
                            "$waterfall": {
                              "arrayFunctions": [
                                {
                                  "$populate": {
                                    "path": "#desktop-filter",
                                    "data": {
                                      "$var": {
                                        "path": "#mobile-filter"
                                      }
                                    }
                                  }
                                },
                                {
                                  "$element-option": {
                                    "option": "visible",
                                    "path": "#modalMobileSearch",
                                    "value": false
                                  }
                                },
                                {
                                  "$grid": {
                                    "action": "lazyLoad",
                                    "path": "#data",
                                    "filters": {
                                      "$assign-object": {
                                        "object": {
                                          "$var": {
                                            "path": "#mobile-filter"
                                          }
                                        },
                                        "data": {
                                          "$var": {
                                            "path": "#search"
                                          }
                                        },
                                        "path": "search"
                                      }
                                    }
                                  }
                                }
                              ]
                            }
                          },
                          "else": {}
                        }
                      }
                    }
                  }
                },
                "clear-button": {
                  "widget": {
                    "name": "button",
                    "options": {
                      "label": "Сбросить"
                    },
                    "class": {
                      "value": "button_link"
                    },
                    "events": {
                      "click": [
                        {
                          "$populate": {
                            "path": "#mobile-filter",
                            "data": {}
                          }
                        },
                        {
                          "$populate": {
                            "path": "#desktop-filter",
                            "data": {}
                          }
                        },
                        {
                          "$grid": {
                            "action": "lazyLoad",
                            "path": "#data",
                            "filters": {
                              "$assign-object": {
                                "object": {
                                  "$var": {
                                    "path": "#mobile-filter"
                                  }
                                },
                                "data": {
                                  "$var": {
                                    "path": "#search"
                                  }
                                },
                                "path": "search"
                              }
                            }
                          }
                        },
                        {
                          "$element-option": {
                            "option": "visible",
                            "path": "#modalMobileSearch",
                            "value": false
                          }
                        }
                      ]
                    }
                  }
                }
              }
            }
          }
        }
      }
    }
  }
}
