{
  "@title": "Реестр стоп-листа",
  "type": "object",
  "widget": "container",
  "model": "/",
  "properties": {
    "breadcrumbs": {
      "type": "object",
      "widget": {
        "name": "breadcrumb",
        "mobileItems": [
          {
            "label": "Главная",
            "routerLink": "/cabinet/event/list"
          }
        ],
        "items": [
          {
            "label": "Главная",
            "routerLink": "/cabinet/event/list"
          },
          {
            "label": "Стоп-лист"
          }
        ],
        "class": {
          "group": "p-xs-auto mrg-lg-b-xl mrg-b-md"
        }
      }
    },
    "header-with-button": {
      "type": "object",
      "widget": {
        "name": "container",
        "options": {
          "label": "Стоп-лист помещений"
        },
        "kind": "container-header-with-button-container-style"
      },
      "properties": {
        "button": {
          "type": "string",
          "widget": {
            "name": "button",
            "options": {
              "label": "Добавить запись в стоп-лист",
              "visible": {
                "$api-workflow-check-action": {
                  "workflow": "stop_list_note",
                  "action": "add"
                }
              }
            },
            "events": {
              "click": {
                "$open-popup": {
                  "workflow": "stop_list_note",
                  "action": "add"
                }
              }
            },
            "class": {
              "value": "button_primary button_narrow button_h1"
            }
          }
        }
      }
    },
    "search": {
      "model": "#search",
      "type": "object",
      "widget": {
        "name": "container",
        "options": {
          "displayNone": false,
          "routerOptions": [
            "displayNone"
          ]
        },
        "kind": "container-search-form-collapsed-container-style"
      },
      "properties": {
        "search": {
          "type": "string",
          "validation": [
            {
              "type": "schema",
              "params": {
                "rule": {
                  "<=": {
                    "operand1": {
                      "$length": {
                        "data": {
                          "$if": {
                            "condition": {
                              "$not-empty": {
                                "data": {
                                  "$var": {
                                    "path": "."
                                  }
                                }
                              }
                            },
                            "then": {
                              "$var": {
                                "path": "."
                              }
                            },
                            "else": ""
                          }
                        }
                      }
                    },
                    "operand2": 255
                  }
                }
              },
              "events": [
                "onBackend",
                "onUpdate"
              ]
            }
          ],
          "widget": {
            "name": "input",
            "options": {
              "placeholder": "Наименование, номер, тип помещения, номер записи стоп-листа"
            },
            "events": {
              "keypress-13": {
                "$grid": {
                  "action": "lazyLoad",
                  "path": "#data",
                  "filters": {
                    "$var": {
                      "path": "#search"
                    }
                  }
                }
              }
            },
            "kind": "input-search-form-expanded-search-input-style"
          }
        },
        "clear-button": {
          "widget": {
            "name": "button",
            "options": {
              "label": "Сбросить"
            },
            "events": {
              "click": [
                {
                  "$populate": {
                    "path": "#search",
                    "data": {}
                  }
                },
                {
                  "$grid": {
                    "action": "lazyLoad",
                    "path": "#data",
                    "filters": {
                      "$var": {
                        "path": "#search"
                      }
                    }
                  }
                }
              ]
            },
            "class": {
              "group": "form-item pdd-b-0 p-xs-6 p-md-3 p-xl-2 p-xxl-1",
              "value": "button_narrow button_secondary button_clear"
            }
          }
        },
        "search-button": {
          "widget": {
            "name": "button",
            "options": {
              "label": "Найти"
            },
            "events": {
              "click": [
                {
                  "$grid": {
                    "action": "lazyLoad",
                    "path": "#data",
                    "filters": {
                      "$var": {
                        "path": "#search"
                      }
                    }
                  }
                }
              ]
            },
            "class": {
              "group": "form-item pdd-b-0 p-xs-6 p-md-3 p-xl-2 p-xxl-1",
              "value": "button_narrow button_outline button_clear"
            }
          }
        },
        "rooms": {
          "type": "any",
          "widget": {
            "name": "multiselect",
            "options": {
              "label": "Помещения",
              "optionLabel": "name",
              "placeholder": "Выбрать",
              "valueKey": "id",
              "dataKey": "id",
              "valueOptions": {
                "$fetch-object": {
                  "path": "data.items",
                  "data": {
                    "$api-data": {
                      "query": "room/get_for_dropdown",
                      "cache": true
                    }
                  }
                }
              }
            },
            "class": {
              "group": "form-item pdd-tb-0 p-xs-12 p-md-6 p-xl-4 mrg-b-xs",
              "label": "form-label form-label_top",
              "value": "form-item-element"
            }
          }
        },
        "dateTimeFrom": {
          "type": "datetime",
          "widget": {
            "name": "calendar",
            "options": {
              "label": "Период с",
              "dataType": "string"
            },
            "class": {
              "group": "form-item pdd-tb-0 p-xs-12 p-md-3 p-xl-3 mrg-b-xs",
              "label": "form-label form-label_top",
              "value": "form-item-element"
            },
            "kind": "calendar-active-user-timezone-offset"
          }
        },
        "dateTimeTo": {
          "type": "datetime",
          "widget": {
            "name": "calendar",
            "options": {
              "label": "по",
              "dataType": "string"
            },
            "class": {
              "group": "form-item pdd-tb-0 p-xs-12 p-md-3 p-xl-3 mrg-b-xs",
              "label": "form-label form-label_top",
              "value": "form-item-element"
            },
            "kind": "calendar-active-user-timezone-offset"
          }
        }
      }
    },
    "table": {
      "value": {
        "$api-table-workflow-data": {
          "model": "#data",
          "query": "stop_list_note/list",
          "withState": true,
          "variables": {
            "$graphql-event-variables": {
              "data": {
                "$element-event": {
                  "event": "lazyLoad"
                }
              }
            }
          },
          "errors": {
            "default": {
              "$message": {
                "severity": "error",
                "summary": "Ошибка",
                "detail": "При загрузке данных произошла ошибка, повторите попытку позднее"
              }
            }
          }
        }
      },
      "type": "array",
      "model": "#data",
      "widget": {
        "name": "table-lazy",
        "paginatorLeft": {
          "type": "string",
          "widget": "info",
          "value": {
            "$grid": {
              "action": "rows-per-page",
              "path": "#data"
            }
          }
        },
        "options": {
          "emptyMessage": "Данные не найдены",
          "responsive": false,
          "first": 0,
          "lazy": true,
          "paginator": true,
          "rows": 10,
          "rowsPerPageOptions": [
            10,
            20,
            50
          ],
          "routerOptions": [
            "first",
            "rows"
          ],
          "sortField": "createdAt",
          "sortOrder": -1
        },
        "events": {
          "lazyLoad": {
            "$element-option": {
              "path": "#data",
              "option": "loading",
              "value": true
            }
          }
        },
        "subscriptions": {
          "reload-table": {
            "$element-event": {
              "event": "reload",
              "value": true
            }
          }
        }
      },
      "items": {
        "type": "object",
        "properties": {
          "id": {
            "type": "string",
            "widget": {
              "name": "table-column",
              "options": {
                "visible": false
              }
            }
          },
          "number": {
            "type": "number",
            "widget": {
              "name": "table-column",
              "options": {
                "label": "Номер"
              }
            }
          },
          "room": {
            "type": "object",
            "widget": {
              "name": "table-column",
              "options": {
                "visible": false
              }
            },
            "properties": {
              "name": {
                "type": "string",
                "widget": {
                  "name": "hidden"
                }
              },
              "_id": {
                "type": "string",
                "widget": {
                  "name": "hidden"
                }
              },
              "state": {
                "type": "string",
                "widget": {
                  "name": "hidden"
                }
              }
            }
          },
          "roomView": {
            "type": "object",
            "widget": {
              "name": "table-column",
              "options": {
                "label": "Помещение"
              }
            },
            "properties": {
              "nameView": {
                "type": "string",
                "value": {
                  "$subs": {
                    "path": "#data[].room.name"
                  }
                },
                "widget": {
                  "name": "info",
                  "options": {
                    "visible": {
                      "$or": {
                        "operands": [
                          {
                            "$and": {
                              "operands": [
                                {
                                  "$not": {
                                    "data": {
                                      "$active-user-has-permission": {
                                        "permission": "room.view.active"
                                      }
                                    }
                                  }
                                },
                                {
                                  "===": {
                                    "operand1": {
                                      "$subs": {
                                        "path": "#data[].room.state"
                                      }
                                    },
                                    "operand2": "active"
                                  }
                                }
                              ]
                            }
                          },
                          {
                            "$and": {
                              "operands": [
                                {
                                  "$not": {
                                    "data": {
                                      "$active-user-has-permission": {
                                        "permission": "room.view.archived"
                                      }
                                    }
                                  }
                                },
                                {
                                  "===": {
                                    "operand1": {
                                      "$subs": {
                                        "path": "#data[].room.state"
                                      }
                                    },
                                    "operand2": "archived"
                                  }
                                }
                              ]
                            }
                          }
                        ]
                      }
                    }
                  }
                }
              },
              "linkView": {
                "type": "string",
                "value": {
                  "$subs": {
                    "path": "#data[].room.name"
                  }
                },
                "widget": {
                  "name": "link",
                  "options": {
                    "target": "_blank",
                    "routerLink": "/cabinet/room/view",
                    "queryParams": {
                      "id": {
                        "$subs": {
                          "path": "#data[].room._id"
                        }
                      }
                    },
                    "visible": {
                      "$or": {
                        "operands": [
                          {
                            "$and": {
                              "operands": [
                                {
                                  "$active-user-has-permission": {
                                    "permission": "room.view.active"
                                  }
                                },
                                {
                                  "===": {
                                    "operand1": {
                                      "$subs": {
                                        "path": "#data[].room.state"
                                      }
                                    },
                                    "operand2": "active"
                                  }
                                }
                              ]
                            }
                          },
                          {
                            "$and": {
                              "operands": [
                                {
                                  "$active-user-has-permission": {
                                    "permission": "room.view.archived"
                                  }
                                },
                                {
                                  "===": {
                                    "operand1": {
                                      "$subs": {
                                        "path": "#data[].room.state"
                                      }
                                    },
                                    "operand2": "archived"
                                  }
                                }
                              ]
                            }
                          }
                        ]
                      }
                    }
                  }
                }
              }
            }
          },
          "dateTimeFrom": {
            "type": "string",
            "widget": {
              "name": "table-column",
              "options": {
                "label": "Дата начала",
                "visible": true,
                "formatter": "datetime:\"DD.MM.YYYY HH:mm\""
              }
            }
          },
          "dateTimeTo": {
            "type": "string",
            "widget": {
              "name": "table-column",
              "options": {
                "label": "Дата окончания",
                "visible": true,
                "formatter": "datetime:\"DD.MM.YYYY HH:mm\""
              }
            }
          },
          "reason": {
            "type": "string",
            "widget": {
              "name": "table-column",
              "options": {
                "label": "Причина",
                "visible": true
              }
            }
          },
          "actions_column": {
            "type": "object",
            "widget": {
              "name": "table-column",
              "options": {
                "label": "Действия"
              },
              "class": {
                "header": "column_actions",
                "cell": "column_actions"
              }
            },
            "properties": {
              "actions": {
                "type": "array",
                "model": "actions",
                "widget": {
                  "name": "actions-button",
                  "items": {
                    "$subs": {
                      "path": "#data[].actions"
                    }
                  }
                },
                "items": {
                  "type": "action",
                  "properties": {
                    "id": {
                      "type": "string",
                      "widget": "hidden"
                    },
                    "title": {
                      "type": "string",
                      "widget": "hidden"
                    },
                    "icon": {
                      "type": "string",
                      "widget": "hidden"
                    },
                    "url": {
                      "type": "string",
                      "widget": "hidden"
                    },
                    "routerLink": {
                      "type": "string",
                      "widget": "hidden"
                    },
                    "popup": {
                      "type": "string",
                      "widget": "hidden"
                    },
                    "hidden": {
                      "type": "string",
                      "widget": "hidden"
                    }
                  }
                }
              }
            }
          }
        }
      }
    }
  }
}
